campana_id,objetivo_campana,nivel_presupuesto_ads
1,cold_acquisition,high
2,cold_acquisition,low
3,cold_acquisition,medium
4,cold_acquisition,organic_or_owned
5,cold_acquisition,saturated
6,evergreen,high
7,evergreen,low
8,evergreen,medium
9,evergreen,organic_or_owned
10,evergreen,saturated
11,launch,high
12,launch,low
13,launch,medium
14,launch,organic_or_owned
15,launch,saturated
16,nurture,high
17,nurture,low
18,nurture,medium
19,nurture,organic_or_owned
20,nurture,saturated
21,retargeting,high
22,retargeting,low
23,retargeting,medium
24,retargeting,organic_or_owned
25,retargeting,saturated
