experiencia_id,landing,cta,lead_magnet,checkout_simplificado,funnel_completo,webinar,oferta_nuevo_producto
1,baseline,benefit_cta,false,false,false,asistio,false
2,baseline,benefit_cta,false,false,false,asistio,true
3,baseline,benefit_cta,false,false,false,invitado,false
4,baseline,benefit_cta,false,false,false,no_invitado,false
5,baseline,benefit_cta,false,false,false,no_invitado,true
6,baseline,benefit_cta,false,true,false,asistio,false
7,baseline,benefit_cta,false,true,false,asistio,true
8,baseline,benefit_cta,false,true,false,invitado,false
9,baseline,benefit_cta,false,true,false,invitado,true
10,baseline,benefit_cta,false,true,false,no_invitado,false
11,baseline,benefit_cta,false,true,false,no_invitado,true
12,baseline,benefit_cta,true,false,false,asistio,false
13,baseline,benefit_cta,true,false,false,asistio,true
14,baseline,benefit_cta,true,false,false,invitado,false
15,baseline,benefit_cta,true,false,false,invitado,true
16,baseline,benefit_cta,true,false,false,no_invitado,false
17,baseline,benefit_cta,true,false,false,no_invitado,true
18,baseline,benefit_cta,true,true,false,asistio,false
19,baseline,benefit_cta,true,true,false,asistio,true
20,baseline,benefit_cta,true,true,false,invitado,false
21,baseline,benefit_cta,true,true,false,invitado,true
22,baseline,benefit_cta,true,true,false,no_invitado,false
23,baseline,benefit_cta,true,true,false,no_invitado,true
24,baseline,standard,false,false,false,asistio,false
25,baseline,standard,false,false,false,invitado,false
26,baseline,standard,false,false,false,no_invitado,false
27,baseline,standard,false,false,false,no_invitado,true
28,baseline,standard,false,true,false,asistio,false
29,baseline,standard,false,true,false,invitado,false
30,baseline,standard,false,true,false,no_invitado,false
31,baseline,standard,false,true,false,no_invitado,true
32,baseline,standard,true,false,false,asistio,false
33,baseline,standard,true,false,false,asistio,true
34,baseline,standard,true,false,false,invitado,false
35,baseline,standard,true,false,false,invitado,true
36,baseline,standard,true,false,false,no_invitado,false
37,baseline,standard,true,false,false,no_invitado,true
38,baseline,standard,true,true,false,asistio,false
39,baseline,standard,true,true,false,asistio,true
40,baseline,standard,true,true,false,invitado,false
41,baseline,standard,true,true,false,invitado,true
42,baseline,standard,true,true,false,no_invitado,false
43,baseline,standard,true,true,false,no_invitado,true
44,landing_v2,benefit_cta,false,false,false,asistio,false
45,landing_v2,benefit_cta,false,false,false,asistio,true
46,landing_v2,benefit_cta,false,false,false,invitado,false
47,landing_v2,benefit_cta,false,false,false,invitado,true
48,landing_v2,benefit_cta,false,false,false,no_invitado,false
49,landing_v2,benefit_cta,false,false,false,no_invitado,true
50,landing_v2,benefit_cta,false,true,false,asistio,false
51,landing_v2,benefit_cta,false,true,false,asistio,true
52,landing_v2,benefit_cta,false,true,false,invitado,false
53,landing_v2,benefit_cta,false,true,false,invitado,true
54,landing_v2,benefit_cta,false,true,false,no_invitado,false
55,landing_v2,benefit_cta,false,true,false,no_invitado,true
56,landing_v2,benefit_cta,true,false,false,asistio,false
57,landing_v2,benefit_cta,true,false,false,asistio,true
58,landing_v2,benefit_cta,true,false,false,invitado,false
59,landing_v2,benefit_cta,true,false,false,invitado,true
60,landing_v2,benefit_cta,true,false,false,no_invitado,false
61,landing_v2,benefit_cta,true,false,false,no_invitado,true
62,landing_v2,benefit_cta,true,true,true,asistio,false
63,landing_v2,benefit_cta,true,true,true,asistio,true
64,landing_v2,benefit_cta,true,true,true,invitado,false
65,landing_v2,benefit_cta,true,true,true,invitado,true
66,landing_v2,benefit_cta,true,true,true,no_invitado,false
67,landing_v2,benefit_cta,true,true,true,no_invitado,true
68,landing_v2,standard,false,false,false,asistio,false
69,landing_v2,standard,false,false,false,invitado,false
70,landing_v2,standard,false,false,false,invitado,true
71,landing_v2,standard,false,false,false,no_invitado,false
72,landing_v2,standard,false,false,false,no_invitado,true
73,landing_v2,standard,false,true,false,asistio,false
74,landing_v2,standard,false,true,false,asistio,true
75,landing_v2,standard,false,true,false,invitado,false
76,landing_v2,standard,false,true,false,invitado,true
77,landing_v2,standard,false,true,false,no_invitado,false
78,landing_v2,standard,false,true,false,no_invitado,true
79,landing_v2,standard,true,false,false,asistio,false
80,landing_v2,standard,true,false,false,asistio,true
81,landing_v2,standard,true,false,false,invitado,false
82,landing_v2,standard,true,false,false,invitado,true
83,landing_v2,standard,true,false,false,no_invitado,false
84,landing_v2,standard,true,false,false,no_invitado,true
85,landing_v2,standard,true,true,false,asistio,false
86,landing_v2,standard,true,true,false,asistio,true
87,landing_v2,standard,true,true,false,invitado,false
88,landing_v2,standard,true,true,false,invitado,true
89,landing_v2,standard,true,true,false,no_invitado,false
90,landing_v2,standard,true,true,false,no_invitado,true
