fecha,canal_id,nivel_presupuesto_ads,gasto_diario_referencia_eur,oportunidades
2026-04-27,4,medium,293.004,5
2026-04-22,4,medium,333.22285714285715,7
2026-04-19,3,medium,441.2030000000001,10
2026-04-10,4,medium,337.0475,4
2026-04-16,3,medium,417.2933333333333,9
2026-04-15,3,medium,397.95,3
2026-04-01,4,medium,347.6,7
2026-03-28,4,medium,293.8966666666667,3
2026-03-25,4,medium,287.8,3
2026-03-23,4,medium,237.89,1
2026-04-02,3,medium,393.22799999999995,5
2026-03-17,4,medium,286.1125,4
2026-03-16,4,medium,338.31875,8
2026-03-28,3,medium,410.46,7
2026-03-13,4,medium,299.7133333333333,3
2026-03-11,4,medium,304.68285714285713,7
2026-03-21,3,medium,436.315,8
2026-03-04,4,medium,302.683,10
2026-02-23,4,saturated,786.7883333333333,6
2026-02-18,4,saturated,765.2666666666665,6
2026-02-17,4,saturated,768.2775,4
2026-02-14,4,saturated,842.645,2
2026-02-12,4,saturated,777.7066666666666,3
2026-03-01,3,medium,500.08,1
2026-01-31,4,saturated,809.566,5
2026-02-15,3,saturated,1077.5149999999999,4
2026-02-14,3,saturated,1045.7450000000001,12
2026-02-11,3,saturated,1103.0679999999998,5
2026-02-03,3,saturated,1089.1716666666669,6
2025-12-31,4,high,472.4425,4
2026-01-29,3,saturated,1077.272,5
2026-01-28,3,saturated,1059.575,8
2026-01-26,3,saturated,1072.2475,4
2025-12-19,4,high,499.65,5
2025-12-10,4,high,557.76875,8
2026-01-10,3,saturated,1066.55,4
2026-01-07,3,saturated,1049.1239999999998,10
2025-11-23,4,high,512.5725,4
2025-11-22,4,high,494.2728571428571,7
2026-01-01,3,saturated,1082.584,5
2025-11-19,4,high,559.7875,4
2025-11-12,4,high,488.8888888888889,9
2025-11-03,4,high,519.4,7
2025-12-13,3,high,698.5514285714286,7
2025-09-27,4,medium,312.64000000000004,4
2025-09-24,4,medium,231.37,4
2025-11-21,3,high,687.635,4
2025-11-14,3,high,702.9845454545455,11
2025-09-11,4,medium,296.7525,4
2025-09-10,4,medium,309.02875000000006,8
2025-09-02,4,medium,263.6266666666666,3
2025-08-27,4,medium,316.6375,4
2025-08-25,4,medium,335.065,2
2025-08-11,4,medium,252.065,2
2025-10-17,3,high,689.3044444444445,9
2025-07-29,4,medium,328.8,1
2025-10-12,3,high,691.21125,8
2025-10-10,3,high,688.7212499999999,8
2025-07-14,4,medium,300.82,3
2025-07-10,4,medium,301.448,5
2025-10-02,3,high,660.8466666666667,6
2025-07-04,4,medium,292.33,3
2025-07-03,4,medium,293.0475,4
2025-09-23,3,medium,442.38625,8
2025-06-22,4,saturated,784.7975,4
2025-09-03,3,medium,469.98,3
2025-08-26,3,medium,405.4757142857143,7
2025-05-28,4,saturated,754.726,5
2025-08-14,3,medium,360.41499999999996,4
2025-08-13,3,medium,424.5788888888889,9
2025-08-11,3,medium,487.4316666666667,6
2025-05-13,4,saturated,822.7299999999999,4
2025-05-10,4,saturated,709.6659999999999,5
2025-04-25,4,saturated,793.585,6
2025-07-23,3,medium,409.68,7
2025-07-10,3,medium,473.48857142857145,7
2025-04-02,4,saturated,773.7371428571429,7
2025-03-30,4,medium,284.816,5
2025-03-27,4,medium,309.895,4
2025-03-13,4,medium,286.1666666666667,3
2025-06-15,3,saturated,1048.6000000000001,12
2025-02-17,4,medium,322.78,4
2025-02-15,4,medium,297.98,2
2025-06-06,3,saturated,1049.3075,4
2025-02-09,4,medium,288.9625,4
2025-02-06,4,medium,241.74333333333334,3
2025-02-04,4,medium,301.70142857142855,7
2025-02-02,4,medium,314.66,3
2025-02-01,4,medium,330.1775,4
2025-01-29,4,medium,351.9466666666667,3
2025-01-26,4,medium,292.396,5
2025-01-25,4,medium,332.74,4
2025-05-25,3,saturated,1063.32375,8
2025-01-14,4,medium,292.49,3
2025-05-23,3,saturated,1085.0454545454545,11
2024-12-24,4,high,509.01250000000005,8
2024-12-20,4,high,518.0811111111111,9
2024-12-10,4,high,549.3725000000001,4
2024-11-21,4,high,477.29,3
2024-11-19,4,high,453.92333333333335,3
2024-11-06,4,high,538.6524999999999,4
2024-10-30,4,high,492.19,2
2025-04-21,3,saturated,1096.7,6
2024-10-22,4,high,521.516,5
2025-04-11,3,saturated,1120.412,5
2024-10-05,4,high,512.4442857142857,7
2024-09-21,4,high,540.085,2
2024-09-14,4,high,474.185,6
2025-03-31,3,medium,417.6928571428572,7
2025-03-28,3,medium,409.91999999999996,9
2024-08-31,4,medium,316.03200000000004,5
2025-03-22,3,medium,429.1914285714286,7
2024-08-18,4,medium,348.0233333333333,3
2024-08-14,4,medium,353.53000000000003,3
2024-08-10,4,medium,289.95,1
2024-07-19,4,medium,310.85,2
2025-03-06,3,medium,388.87624999999997,8
2024-07-13,4,medium,339.43,3
2024-07-11,4,medium,257.7277777777778,9
2025-03-05,3,medium,483.74,3
2025-03-04,3,medium,419.6783333333333,6
2025-03-02,3,medium,439.33857142857147,7
2025-02-28,3,medium,399.1355555555556,9
2024-06-21,4,medium,328.92499999999995,2
2024-06-18,4,medium,322.04,3
2025-02-18,3,medium,433.3566666666666,6
2024-05-30,4,medium,285.56666666666666,3
2024-05-24,4,medium,324.71,4
2024-05-16,4,medium,258.75333333333333,3
2025-02-02,3,medium,434.9025,4
2025-02-01,3,medium,346.22,3
2025-01-30,3,medium,428.0466666666667,9
2024-05-11,4,medium,342.6266666666667,3
2024-04-30,4,low,192.23000000000002,4
2025-01-18,3,medium,386.8966666666667,6
2025-01-17,3,medium,409.852,5
2024-04-09,4,low,206.64,1
2024-04-03,4,low,167.49333333333334,3
2025-01-07,3,medium,452.2471428571428,7
2025-01-05,3,medium,454.4433333333334,3
2024-03-18,4,low,207.1825,4
2024-12-26,3,high,693.84,7
2024-12-25,3,high,652.635,2
2024-03-06,4,low,277.4633333333333,3
2024-03-03,4,low,230.54999999999998,4
2024-12-18,3,high,728.8729999999999,10
2024-02-26,4,low,266.675,2
2024-02-25,4,low,253.31400000000002,5
2024-12-15,3,high,693.2585714285714,7
2024-02-21,4,low,195.81,1
2024-02-19,4,low,310.855,2
2024-02-15,4,low,211.246,5
2024-12-05,3,high,701.1199999999999,3
2024-02-03,4,low,190.56,2
2024-02-02,4,low,210.84,1
2024-01-28,4,low,230.78666666666666,3
2024-12-01,3,high,670.465,6
2024-01-23,4,low,224.65,3
2024-01-20,4,low,254.70333333333335,3
2024-11-26,3,high,692.068,5
2024-01-12,4,low,230.69,1
2024-11-08,3,high,637.9742857142857,7
2024-10-27,3,high,737.7533333333334,3
2024-10-19,3,high,702.1975,4
2024-10-10,3,high,690.18,1
2024-09-21,3,high,709.34375,8
2024-09-16,3,high,687.2333333333332,3
2024-09-12,3,high,759.73,2
2024-09-09,3,high,669.1316666666668,6
2024-08-22,3,medium,379.64,7
2024-08-21,3,medium,426.0314285714286,7
2024-08-15,3,medium,409.8299999999999,5
2024-08-07,3,medium,420.3725,4
2024-07-23,3,medium,401.96307692307704,13
2024-07-12,3,medium,380.17499999999995,4
2024-07-02,3,medium,409.50666666666666,6
2024-07-01,3,medium,431.49666666666667,3
2024-06-21,3,medium,391.4175,4
2024-06-15,3,medium,427.85,4
2024-06-04,3,medium,435.335,2
2024-05-25,3,medium,411.7133333333333,6
2024-05-15,3,medium,401.72333333333336,6
2024-05-06,3,medium,430.696,10
2024-04-19,3,low,299.96166666666664,6
2024-04-17,3,low,306.6375,4
2024-04-14,3,low,292.2628571428571,7
2024-03-30,3,low,270.95666666666665,3
2024-03-27,3,low,338.75,2
2024-03-11,3,low,342.75666666666666,3
2024-03-10,3,low,336.34666666666664,3
2024-03-07,3,low,338.604,5
2024-03-03,3,low,262.854,5
2024-03-02,3,low,287.29,1
2024-02-23,3,low,287.5733333333333,3
2024-02-12,3,low,325.03000000000003,3
2024-02-10,3,low,288.955,4
2024-02-05,3,low,370.3883333333334,6
2024-01-25,3,low,321.79999999999995,2
2024-01-23,3,low,312.16333333333336,3
2024-01-16,3,low,307.8875,4
2024-01-14,3,low,282.86,2
2024-01-01,3,low,278.21000000000004,2
2026-04-29,4,medium,259.85999999999996,6
2026-04-25,4,medium,317.51,5
2026-04-21,4,medium,333.4633333333333,3
2026-04-07,4,medium,331.95,5
2026-04-06,4,medium,288.17125,8
2026-04-10,3,medium,410.794,10
2026-04-08,3,medium,341.834,5
2026-03-15,4,medium,301.625,6
2026-03-27,3,medium,322.75666666666666,3
2026-02-13,4,saturated,805.29,1
2026-03-04,3,medium,375.06166666666667,6
2026-02-06,4,saturated,716.78,4
2026-02-05,4,saturated,823.7874999999999,4
2026-02-04,4,saturated,785.12,3
2026-02-26,3,saturated,1074.3300000000002,5
2026-02-02,4,saturated,797.6616666666665,6
2026-02-01,4,saturated,768.2,2
2026-01-30,4,saturated,786.6425,4
2026-01-23,4,saturated,794.458,5
2026-01-22,4,saturated,822.367142857143,7
2026-02-17,3,saturated,1104.5114285714285,7
2026-01-19,4,saturated,763.8050000000001,4
2026-01-11,4,saturated,807.375,8
2026-01-06,4,saturated,853.06,1
2026-01-04,4,saturated,780.7166666666667,3
2026-02-01,3,saturated,1075.055,6
2026-01-31,3,saturated,1083.0259999999998,5
2025-12-26,4,high,546.778,5
2026-01-27,3,saturated,1074.625,10
2025-12-13,4,high,495.07124999999996,8
2025-12-11,4,high,486.81,1
2026-01-16,3,saturated,1076.16,3
2026-01-15,3,saturated,1069.335,6
2026-01-12,3,saturated,1062.135,4
2025-12-01,4,high,525.088888888889,9
2025-11-24,4,high,501.36571428571426,7
2025-11-21,4,high,506.99,4
2025-11-15,4,high,492.0216666666666,6
2025-12-27,3,high,727.7033333333334,3
2025-12-21,3,high,672.3955555555556,9
2025-11-07,4,high,493.1125,12
2025-10-25,4,high,559.125,4
2025-10-21,4,high,538.1125,4
2025-10-17,4,high,483.2925,4
2025-12-02,3,high,707.1657142857144,7
2025-12-01,3,high,658.6099999999999,8
2025-10-06,4,high,498.03999999999996,8
2025-10-05,4,high,452.04,2
2025-10-04,4,high,487.3,5
2025-11-24,3,high,703.382,5
2025-09-22,4,medium,314.075,2
2025-09-12,4,medium,311.64,5
2025-09-08,4,medium,298.886,5
2025-09-05,4,medium,277.8675,4
2025-09-04,4,medium,300.81399999999996,5
2025-11-04,3,high,690.925,4
2025-10-31,3,high,706.8259999999999,5
2025-08-19,4,medium,343.1175,4
2025-08-07,4,medium,315.92499999999995,2
2025-07-26,4,medium,316.5933333333333,3
2025-10-03,3,high,707.8542857142857,7
2025-07-09,4,medium,322.65999999999997,4
2025-07-08,4,medium,194.61,1
2025-07-06,4,medium,364.84666666666664,6
2025-07-05,4,medium,328.15,5
2025-09-27,3,medium,472.5414285714286,7
2025-06-30,4,saturated,762.408,5
2025-06-28,4,saturated,805.5600000000001,7
2025-06-27,4,saturated,765.9985714285714,7
2025-06-24,4,saturated,782.5966666666667,6
2025-09-13,3,medium,434.538,5
2025-09-11,3,medium,352.23,1
2025-06-15,4,saturated,823.9200000000001,3
2025-06-13,4,saturated,828.51,2
2025-09-05,3,medium,411.40142857142865,7
2025-06-11,4,saturated,807.992,5
2025-06-02,4,saturated,767.07,3
2025-05-27,4,saturated,872.5,1
2025-08-15,3,medium,465.38750000000005,4
2025-08-12,3,medium,373.58714285714285,7
2025-05-14,4,saturated,752.8366666666667,3
2025-05-06,4,saturated,769.9685714285715,7
2025-05-04,4,saturated,793.094,5
2025-05-03,4,saturated,744.7766666666666,6
2025-08-04,3,medium,400.46333333333337,6
2025-04-26,4,saturated,803.7400000000001,3
2025-07-21,3,medium,473.8328571428571,7
2025-07-19,3,medium,432.34833333333336,6
2025-04-17,4,saturated,709.9933333333333,3
2025-04-11,4,saturated,754.8142857142857,7
2025-04-09,4,saturated,772.0,2
2025-07-05,3,medium,470.66857142857134,7
2025-07-03,3,medium,446.4466666666667,3
2025-06-29,3,saturated,1068.7400000000002,5
2025-03-25,4,medium,333.78,2
2025-06-28,3,saturated,1061.1077777777778,9
2025-06-25,3,saturated,1052.3816666666667,6
2025-03-18,4,medium,286.26,4
2025-06-19,3,saturated,1048.7714285714285,7
2025-03-08,4,medium,255.615,2
2025-06-18,3,saturated,1078.2963636363636,11
2025-06-17,3,saturated,1059.4022222222222,9
2025-06-13,3,saturated,1095.884,10
2025-06-12,3,saturated,1100.6522222222222,9
2025-02-16,4,medium,385.8925,4
2025-02-13,4,medium,285.22499999999997,6
2025-02-11,4,medium,357.295,4
2025-06-01,3,saturated,1069.21,4
2025-05-26,3,saturated,1062.2755555555555,9
2025-01-15,4,medium,310.1266666666667,3
2025-05-24,3,saturated,1087.8799999999999,4
2025-01-13,4,medium,304.15,2
2025-01-10,4,medium,335.8966666666667,6
2025-05-22,3,saturated,1086.56,10
2025-05-19,3,saturated,1107.086,5
2025-01-01,4,medium,219.94,2
2024-12-27,4,high,455.55,1
2025-05-14,3,saturated,1053.0133333333333,9
2025-05-06,3,saturated,1076.3553846153845,13
2024-12-03,4,high,531.14,3
2024-11-25,4,high,516.79,2
2024-11-05,4,high,442.03499999999997,2
2024-11-04,4,high,533.96,4
2024-10-11,4,high,529.1133333333332,3
2025-04-13,3,saturated,1056.4483333333335,6
2025-04-12,3,saturated,1070.03125,8
2024-10-08,4,high,518.6120000000001,5
2024-09-28,4,high,529.354,5
2025-04-06,3,saturated,1073.2199999999998,6
2025-04-05,3,saturated,1040.9062500000002,8
2024-09-17,4,high,504.81333333333333,6
2024-09-04,4,high,451.99,1
2024-09-03,4,high,430.65,2
2024-09-01,4,high,498.816,5
2024-08-24,4,medium,311.2275,4
2025-03-20,3,medium,440.11400000000003,5
2025-03-19,3,medium,435.5371428571429,7
2025-03-16,3,medium,422.4585714285714,7
2024-08-06,4,medium,335.0,1
2024-07-28,4,medium,321.00333333333333,3
2025-03-11,3,medium,335.68,4
2024-07-25,4,medium,307.44,1
2024-07-23,4,medium,319.4633333333333,3
2025-03-08,3,medium,417.37428571428575,7
2024-07-12,4,medium,265.96666666666664,3
2024-07-10,4,medium,311.42,1
2024-07-08,4,medium,276.83500000000004,2
2024-06-28,4,medium,300.8,2
2024-06-26,4,medium,387.155,2
2025-02-23,3,medium,446.82,4
2024-06-13,4,medium,305.56600000000003,5
2025-02-20,3,medium,409.94250000000005,4
2024-06-05,4,medium,349.91499999999996,2
2025-02-16,3,medium,444.24,1
2025-02-11,3,medium,418.52,4
2024-05-29,4,medium,291.74,2
2025-02-06,3,medium,422.2214285714286,7
2024-05-15,4,medium,282.1825,4
2025-01-29,3,medium,429.71999999999997,3
2024-04-29,4,low,189.05666666666664,3
2024-04-20,4,low,226.7,8
2025-01-14,3,medium,388.586,5
2025-01-12,3,medium,432.62000000000006,6
2024-04-08,4,low,222.3166666666667,3
2024-03-27,4,low,188.29,1
2025-01-03,3,medium,449.74,4
2024-03-23,4,low,209.23,1
2024-03-04,4,low,236.07500000000005,4
2024-12-20,3,high,696.4459999999999,5
2024-12-19,3,high,645.3333333333334,3
2024-02-22,4,low,207.98000000000002,3
2024-02-20,4,low,195.32399999999998,5
2024-02-14,4,low,208.70499999999998,2
2024-02-11,4,low,234.24124999999998,8
2024-02-10,4,low,210.48999999999998,4
2024-02-04,4,low,115.12,1
2024-01-30,4,low,190.19,1
2024-12-02,3,high,713.142,5
2024-01-16,4,low,183.345,2
2024-01-15,4,low,148.74,2
2024-01-06,4,low,238.4475,4
2024-01-01,4,low,251.34500000000003,2
2024-11-17,3,high,677.235,6
2024-11-16,3,high,680.7299999999999,7
2024-11-10,3,high,704.78,1
2024-10-30,3,high,648.075,2
2024-10-29,3,high,664.6433333333333,3
2024-10-17,3,high,672.6120000000001,5
2024-10-15,3,high,733.7883333333333,6
2024-10-13,3,high,649.1833333333333,3
2024-10-09,3,high,725.1,6
2024-10-04,3,high,652.5457142857142,7
2024-10-02,3,high,708.3000000000001,6
2024-10-01,3,high,660.786,5
2024-09-02,3,high,641.45,2
2024-08-28,3,medium,357.92,2
2024-08-27,3,medium,421.89285714285717,7
2024-07-26,3,medium,424.9145454545454,11
2024-07-20,3,medium,466.408,5
2024-07-15,3,medium,393.1675,4
2024-07-04,3,medium,410.59666666666664,3
2024-06-27,3,medium,369.32,6
2024-06-19,3,medium,449.74,6
2024-06-08,3,medium,427.29999999999995,2
2024-06-03,3,medium,521.37,3
2024-05-30,3,medium,393.19,2
2024-05-26,3,medium,405.88999999999993,3
2024-04-12,3,low,295.45666666666665,3
2024-04-06,3,low,308.7133333333333,3
2024-04-05,3,low,248.77399999999997,5
2024-03-24,3,low,297.77,1
2024-03-17,3,low,349.5875,4
2024-03-06,3,low,275.51599999999996,5
2024-01-31,3,low,298.2633333333333,3
2024-01-15,3,low,334.71,4
2024-01-03,3,low,280.41333333333336,3
2026-04-30,4,medium,285.74222222222227,9
2026-04-28,3,medium,463.08166666666665,6
2026-04-26,3,medium,436.6177777777778,9
2026-04-25,3,medium,427.48363636363644,11
2026-04-24,3,medium,408.36285714285714,7
2026-04-20,4,medium,265.745,4
2026-04-23,3,medium,430.15,2
2026-04-19,4,medium,269.57000000000005,2
2026-04-17,4,medium,280.71000000000004,3
2026-04-18,3,medium,449.9566666666667,9
2026-04-12,4,medium,321.4757142857143,7
2026-04-14,3,medium,433.36800000000005,10
2026-04-02,4,medium,327.13125,8
2026-04-09,3,medium,407.66499999999996,6
2026-04-06,3,medium,454.28124999999994,8
2026-03-29,3,medium,409.8866666666667,9
2026-03-12,4,medium,316.39428571428573,7
2026-03-24,3,medium,418.11,5
2026-03-23,3,medium,450.54200000000003,5
2026-03-19,3,medium,412.8787500000001,8
2026-03-18,3,medium,482.15000000000003,8
2026-03-03,4,medium,320.67499999999995,2
2026-03-17,3,medium,412.78999999999996,10
2026-03-01,4,medium,324.27333333333337,6
2026-02-24,4,saturated,767.135,2
2026-03-13,3,medium,409.68,7
2026-02-15,4,saturated,831.305,4
2026-03-03,3,medium,437.2537500000001,8
2026-02-28,3,saturated,1075.032,5
2026-02-03,4,saturated,793.302,5
2026-02-22,3,saturated,1059.5975,8
2026-01-28,4,saturated,782.7366666666667,3
2026-02-21,3,saturated,1055.5520000000001,10
2026-01-25,4,saturated,825.4766666666668,3
2026-01-21,4,saturated,774.9885714285714,7
2026-02-08,3,saturated,1115.7514285714285,7
2026-02-05,3,saturated,1155.7533333333333,3
2025-12-29,4,high,502.65600000000006,5
2025-12-27,4,high,597.1433333333333,3
2025-12-23,4,high,534.8733333333333,3
2026-01-25,3,saturated,1101.8028571428572,7
2026-01-19,3,saturated,1063.9937499999999,8
2025-12-06,4,high,489.4919999999999,5
2026-01-03,3,saturated,1064.3666666666666,3
2025-12-29,3,high,663.2800000000001,3
2025-12-26,3,high,711.2357142857144,7
2025-11-10,4,high,569.185,2
2025-11-09,4,high,504.91,3
2025-12-15,3,high,673.1666666666666,6
2025-10-27,4,high,483.154,5
2025-10-26,4,high,452.558,5
2025-12-10,3,high,702.2216666666667,6
2025-12-05,3,high,691.8990909090909,11
2025-10-10,4,high,536.1833333333333,6
2025-11-30,3,high,702.5739999999998,10
2025-11-26,3,high,681.7833333333333,6
2025-11-25,3,high,688.778888888889,9
2025-09-28,4,medium,322.24499999999995,6
2025-11-23,3,high,715.2237500000001,8
2025-09-23,4,medium,300.07,1
2025-09-19,4,medium,333.09333333333336,3
2025-11-18,3,high,698.7471428571428,7
2025-11-15,3,high,695.012,10
2025-09-09,4,medium,272.58,1
2025-11-12,3,high,727.82,4
2025-09-06,4,medium,344.93,2
2025-11-10,3,high,673.2033333333334,3
2025-08-20,4,medium,285.6066666666667,6
2025-10-29,3,high,703.3233333333334,6
2025-10-24,3,high,661.6414285714287,7
2025-10-22,3,high,696.899,10
2025-10-21,3,high,693.5875,8
2025-10-16,3,high,713.9366666666666,3
2025-10-15,3,high,735.0699999999999,4
2025-07-25,4,medium,276.87714285714287,7
2025-10-09,3,high,685.3425000000001,4
2025-07-15,4,medium,297.875,8
2025-10-06,3,high,665.6057142857143,7
2025-10-05,3,high,683.6366666666667,6
2025-09-29,3,medium,480.9525,4
2025-06-23,4,saturated,756.8175,4
2025-09-16,3,medium,379.0825,4
2025-06-20,4,saturated,792.37,3
2025-06-19,4,saturated,795.4237499999999,8
2025-09-08,3,medium,473.02250000000004,4
2025-06-16,4,saturated,772.9099999999999,3
2025-06-12,4,saturated,765.9957142857144,7
2025-08-29,3,medium,392.50428571428574,7
2025-08-28,3,medium,371.19000000000005,4
2025-06-05,4,saturated,726.9933333333333,3
2025-08-27,3,medium,396.32666666666665,3
2025-05-30,4,saturated,785.8166666666666,3
2025-05-23,4,saturated,752.6716666666667,6
2025-05-19,4,saturated,859.34,4
2025-08-09,3,medium,438.8133333333333,9
2025-05-09,4,saturated,784.125,4
2025-08-07,3,medium,402.28666666666663,9
2025-07-30,3,medium,419.6125,4
2025-07-24,3,medium,443.82714285714286,7
2025-04-23,4,saturated,829.3950000000001,10
2025-04-22,4,saturated,723.5799999999999,2
2025-04-21,4,saturated,827.4785714285715,7
2025-04-18,4,saturated,772.6833333333333,6
2025-04-13,4,saturated,784.578,5
2025-07-09,3,medium,382.324,5
2025-04-04,4,saturated,776.3133333333334,6
2025-04-03,4,saturated,834.8399999999999,2
2025-03-14,4,medium,354.616,5
2025-06-20,3,saturated,1034.942,5
2025-03-02,4,medium,314.50666666666666,3
2025-02-27,4,medium,298.53,2
2025-02-26,4,medium,298.916,5
2025-02-24,4,medium,324.23,3
2025-06-10,3,saturated,1024.25,4
2025-02-08,4,medium,347.35,4
2025-06-04,3,saturated,1112.1100000000001,5
2025-06-03,3,saturated,1107.0579999999998,10
2025-06-02,3,saturated,1065.421111111111,9
2025-01-31,4,medium,340.08,2
2025-05-27,3,saturated,1078.00375,8
2025-01-21,4,medium,319.9375,4
2025-01-20,4,medium,307.23199999999997,5
2025-01-04,4,medium,358.81,2
2025-01-03,4,medium,280.585,6
2024-12-21,4,high,508.5,1
2024-12-17,4,high,569.1075,4
2024-12-15,4,high,488.425,2
2024-12-12,4,high,459.62399999999997,5
2025-05-02,3,saturated,1108.8514285714286,7
2024-11-24,4,high,510.58666666666676,3
2024-11-18,4,high,559.68,3
2025-04-28,3,saturated,1057.238,10
2024-11-11,4,high,504.545,2
2025-04-27,3,saturated,1062.5316666666668,6
2024-11-02,4,high,501.55999999999995,4
2024-10-23,4,high,450.1466666666667,6
2024-10-18,4,high,473.75250000000005,4
2025-04-16,3,saturated,1059.2566666666667,9
2024-10-13,4,high,562.51,1
2024-10-01,4,high,495.0225,4
2024-09-26,4,high,526.1566666666666,3
2025-04-03,3,saturated,1059.077142857143,7
2024-09-16,4,high,517.89,3
2024-09-15,4,high,527.7233333333334,3
2024-09-09,4,high,515.6533333333333,3
2024-09-02,4,high,539.97,1
2025-03-17,3,medium,386.72499999999997,6
2024-07-26,4,medium,324.25,2
2024-07-18,4,medium,424.48,1
2025-02-24,3,medium,421.50888888888886,9
2024-06-17,4,medium,237.56,1
2025-02-15,3,medium,387.43600000000004,5
2024-06-02,4,medium,276.178,5
2025-02-13,3,medium,407.1166666666666,3
2024-05-31,4,medium,267.98,1
2024-05-19,4,medium,257.81,4
2024-05-14,4,medium,327.1133333333333,6
2024-05-12,4,medium,300.47249999999997,4
2024-05-10,4,medium,315.43,1
2025-01-28,3,medium,427.21000000000004,5
2025-01-27,3,medium,374.84666666666664,3
2024-05-03,4,medium,335.045,4
2025-01-24,3,medium,402.288,5
2024-04-24,4,low,246.1,3
2024-04-23,4,low,218.12,2
2025-01-19,3,medium,431.1866666666667,6
2024-04-10,4,low,184.21333333333334,3
2025-01-11,3,medium,421.89,2
2025-01-08,3,medium,391.223,10
2024-04-01,4,low,303.6133333333333,3
2024-03-22,4,low,207.17333333333332,3
2024-03-15,4,low,226.23,1
2024-03-08,4,low,239.38600000000002,5
2024-12-21,3,high,716.1214285714285,7
2024-02-28,4,low,277.275,2
2024-12-14,3,high,744.03,5
2024-12-12,3,high,678.9499999999999,4
2024-02-13,4,low,238.62,2
2024-01-26,4,low,273.0,2
2024-01-24,4,low,202.1,2
2024-01-13,4,low,238.32666666666668,3
2024-01-09,4,low,262.08,1
2024-11-23,3,high,697.1533333333333,3
2024-11-19,3,high,736.5719999999999,5
2024-11-06,3,high,701.305,6
2024-11-05,3,high,643.945,2
2024-11-04,3,high,691.5,2
2024-10-24,3,high,656.725,4
2024-10-14,3,high,629.6899999999999,3
2024-09-27,3,high,699.6916666666667,6
2024-09-22,3,high,671.79,1
2024-09-20,3,high,755.7016666666667,6
2024-08-31,3,medium,474.3866666666666,3
2024-08-30,3,medium,388.40333333333336,3
2024-08-24,3,medium,403.05999999999995,3
2024-08-19,3,medium,460.04999999999995,4
2024-08-02,3,medium,431.2966666666666,3
2024-07-31,3,medium,381.1775,4
2024-07-30,3,medium,380.68,5
2024-07-18,3,medium,362.52,4
2024-07-16,3,medium,466.21000000000004,2
2024-07-05,3,medium,390.0514285714286,7
2024-06-30,3,medium,448.14250000000004,4
2024-06-29,3,medium,444.9325,4
2024-06-26,3,medium,393.48,3
2024-06-22,3,medium,494.2,1
2024-06-20,3,medium,391.72400000000005,5
2024-06-16,3,medium,428.736,5
2024-06-13,3,medium,376.18333333333334,6
2024-05-28,3,medium,444.1233333333334,6
2024-05-24,3,medium,569.2,1
2024-05-23,3,medium,386.12624999999997,8
2024-05-18,3,medium,419.39500000000004,6
2024-05-04,3,medium,402.80333333333334,3
2024-04-29,3,low,319.91,3
2024-04-27,3,low,243.61,1
2024-04-18,3,low,325.15250000000003,4
2024-04-16,3,low,281.1566666666667,3
2024-03-22,3,low,298.775,2
2024-03-18,3,low,315.8333333333333,3
2024-03-16,3,low,293.37666666666667,3
2024-03-15,3,low,328.95666666666665,3
2024-03-08,3,low,311.83500000000004,2
2024-03-04,3,low,317.09666666666664,3
2024-02-26,3,low,268.58,4
2024-01-29,3,low,339.6933333333333,3
2024-01-28,3,low,212.875,2
2024-01-21,3,low,269.7733333333333,3
2024-01-20,3,low,245.97,1
2024-01-19,3,low,276.72666666666663,3
2024-01-18,3,low,279.40250000000003,4
2024-01-13,3,low,322.716,5
2024-01-11,3,low,312.33,1
2026-04-29,3,medium,387.6166666666666,6
2026-04-27,3,medium,436.20000000000005,9
2026-04-24,4,medium,356.41499999999996,2
2026-04-15,4,medium,337.385,4
2026-04-13,3,medium,433.56,4
2026-04-11,3,medium,344.77,5
2026-04-03,4,medium,319.55,4
2026-04-05,3,medium,391.91,10
2026-03-26,4,medium,327.11800000000005,5
2026-04-04,3,medium,456.06800000000004,5
2026-04-01,3,medium,438.87857142857143,7
2026-03-30,3,medium,432.45285714285717,7
2026-03-14,4,medium,337.0375,4
2026-03-25,3,medium,461.74,6
2026-03-10,4,medium,341.68600000000004,5
2026-03-05,4,medium,284.23333333333335,3
2026-03-12,3,medium,407.38199999999995,5
2026-02-16,4,saturated,786.1925,8
2026-02-08,4,saturated,727.056,5
2026-02-25,3,saturated,1048.8283333333336,6
2026-02-23,3,saturated,1136.17,4
2026-01-26,4,saturated,816.4025,8
2026-01-18,4,saturated,819.0683333333333,6
2026-02-07,3,saturated,1042.46,4
2025-12-25,4,high,412.51,1
2025-12-15,4,high,483.37500000000006,4
2026-01-22,3,saturated,1055.4279999999999,5
2025-12-09,4,high,480.172,5
2025-12-05,4,high,423.01,3
2026-01-08,3,saturated,1058.221111111111,9
2026-01-06,3,saturated,1096.53,6
2025-11-14,4,high,503.02750000000003,4
2025-12-22,3,high,682.84375,8
2025-11-08,4,high,493.81333333333333,6
2025-12-19,3,high,667.934,5
2025-12-16,3,high,728.4755555555556,9
2025-11-01,4,high,472.65000000000003,4
2025-12-14,3,high,684.226,10
2025-10-28,4,high,563.6166666666667,6
2025-12-09,3,high,755.642,5
2025-12-06,3,high,692.2308333333334,12
2025-10-19,4,high,530.6333333333333,3
2025-10-13,4,high,469.645,2
2025-10-03,4,high,536.3312500000001,8
2025-10-02,4,high,550.1675,4
2025-09-20,4,medium,355.1133333333334,3
2025-09-16,4,medium,309.772,5
2025-09-14,4,medium,341.63714285714286,7
2025-11-08,3,high,684.7574999999999,4
2025-09-01,4,medium,282.35,5
2025-11-06,3,high,685.1442857142857,7
2025-08-26,4,medium,300.495,4
2025-08-22,4,medium,421.44,1
2025-08-21,4,medium,340.765,4
2025-08-18,4,medium,262.56,6
2025-08-17,4,medium,368.08000000000004,4
2025-08-12,4,medium,309.65,7
2025-10-20,3,high,700.39,8
2025-07-24,4,medium,351.31,5
2025-07-20,4,medium,297.24750000000006,4
2025-07-17,4,medium,336.77333333333337,3
2025-09-30,3,medium,411.6777777777778,9
2025-06-29,4,saturated,721.995,2
2025-06-25,4,saturated,768.675,2
2025-06-18,4,saturated,774.344,5
2025-06-14,4,saturated,708.4075,4
2025-09-04,3,medium,385.02,4
2025-06-10,4,saturated,804.3699999999999,5
2025-06-04,4,saturated,830.146,5
2025-08-20,3,medium,433.0757142857143,7
2025-05-25,4,saturated,770.1899999999999,6
2025-05-24,4,saturated,796.6460000000001,5
2025-08-16,3,medium,418.9266666666667,6
2025-05-18,4,saturated,779.585,4
2025-05-17,4,saturated,797.1225,4
2025-08-08,3,medium,435.2271428571429,7
2025-05-07,4,saturated,799.0799999999999,4
2025-05-01,4,saturated,779.2627272727274,11
2025-04-30,4,saturated,828.24,4
2025-07-28,3,medium,400.1471428571429,7
2025-04-19,4,saturated,933.05,1
2025-07-18,3,medium,442.28125,8
2025-04-16,4,saturated,786.95,2
2025-04-14,4,saturated,759.5066666666667,3
2025-07-15,3,medium,410.8925,4
2025-07-02,3,medium,426.9083333333333,6
2025-07-01,3,medium,429.71,4
2025-03-16,4,medium,310.846,5
2025-03-15,4,medium,329.024,5
2025-06-22,3,saturated,1079.29,4
2025-03-07,4,medium,354.8666666666666,6
2025-06-16,3,saturated,1066.3200000000002,4
2025-02-19,4,medium,305.03,3
2025-06-11,3,saturated,1065.007,10
2025-06-09,3,saturated,1114.055,8
2025-02-05,4,medium,317.0275,4
2025-02-03,4,medium,321.9925,4
2025-01-23,4,medium,344.17333333333335,3
2025-05-18,3,saturated,1112.068888888889,9
2024-12-29,4,high,482.5083333333334,6
2025-05-15,3,saturated,1073.3485714285714,7
2024-12-23,4,high,494.1466666666667,6
2025-05-11,3,saturated,1077.2125,4
2024-12-16,4,high,510.17,3
2024-12-14,4,high,422.995,2
2024-12-13,4,high,482.6525,4
2024-12-09,4,high,562.665,2
2024-12-08,4,high,513.0266666666666,6
2024-12-05,4,high,494.78200000000004,5
2024-12-04,4,high,560.7249999999999,2
2025-05-04,3,saturated,1059.16125,8
2025-05-01,3,saturated,1076.9233333333334,9
2024-11-15,4,high,558.17,2
2024-11-12,4,high,545.65,3
2024-10-29,4,high,426.4475,4
2024-10-27,4,high,535.2985714285714,7
2024-10-20,4,high,499.39000000000004,6
2024-10-09,4,high,547.0133333333333,3
2024-10-06,4,high,438.12,2
2024-09-29,4,high,516.84,1
2024-09-25,4,high,517.12,2
2025-04-01,3,saturated,1065.311666666667,12
2024-09-12,4,high,467.50666666666666,3
2024-09-10,4,high,444.93,2
2025-03-30,3,medium,422.96000000000004,2
2024-08-28,4,medium,295.54999999999995,2
2025-03-24,3,medium,413.79545454545456,11
2025-03-23,3,medium,445.65999999999997,2
2024-08-19,4,medium,255.64999999999998,2
2024-08-16,4,medium,294.3666666666666,3
2024-08-02,4,medium,269.8775,4
2024-07-29,4,medium,272.955,2
2024-07-17,4,medium,318.48249999999996,4
2024-07-07,4,medium,265.0275,4
2024-07-03,4,medium,315.358,5
2025-03-01,3,medium,405.36625,8
2024-06-29,4,medium,323.74249999999995,4
2025-02-21,3,medium,383.2055555555555,9
2024-06-09,4,medium,306.9114285714286,7
2024-06-06,4,medium,321.845,8
2024-06-01,4,medium,306.585,2
2024-05-28,4,medium,296.708,5
2024-05-06,4,medium,319.97999999999996,3
2024-05-05,4,medium,287.8966666666667,3
2024-05-02,4,medium,338.26,2
2025-01-22,3,medium,415.5457142857143,7
2024-04-21,4,low,194.695,2
2024-04-19,4,low,226.665,2
2024-03-25,4,low,200.76500000000001,4
2024-03-24,4,low,258.33,3
2025-01-01,3,medium,401.52,2
2024-03-21,4,low,243.42000000000002,2
2024-12-31,3,high,656.1725,8
2024-03-19,4,low,208.5325,4
2024-03-12,4,low,217.155,2
2024-12-27,3,high,651.622,5
2024-03-02,4,low,239.25666666666666,3
2024-02-27,4,low,217.82333333333335,3
2024-01-27,4,low,221.88,2
2024-11-28,3,high,655.438,5
2024-11-24,3,high,661.5516666666667,12
2024-01-08,4,low,243.85,2
2024-01-07,4,low,166.25333333333333,3
2024-11-21,3,high,674.04,6
2024-01-02,4,low,165.01,2
2024-11-12,3,high,679.21,2
2024-10-31,3,high,690.5816666666666,6
2024-09-25,3,high,693.8400000000001,6
2024-09-24,3,high,734.75,5
2024-09-18,3,high,691.4312500000001,8
2024-09-07,3,high,686.9571428571427,7
2024-09-05,3,high,711.9266666666667,9
2024-08-16,3,medium,459.10666666666674,3
2024-08-11,3,medium,376.14000000000004,3
2024-07-25,3,medium,469.65,5
2024-07-13,3,medium,391.92499999999995,4
2024-07-09,3,medium,442.42800000000005,5
2024-07-07,3,medium,425.4040000000001,5
2024-07-06,3,medium,429.6033333333333,3
2024-06-25,3,medium,443.23,2
2024-06-06,3,medium,427.03000000000003,5
2024-06-01,3,medium,531.8166666666666,3
2024-05-22,3,medium,432.0025,4
2024-05-20,3,medium,396.8233333333333,3
2024-05-19,3,medium,382.12,2
2024-05-14,3,medium,384.48,4
2024-05-11,3,medium,421.92142857142846,7
2024-04-30,3,low,243.54333333333338,3
2024-04-25,3,low,272.15333333333336,3
2024-04-23,3,low,308.21000000000004,4
2024-04-20,3,low,263.90000000000003,2
2024-04-13,3,low,210.37333333333333,3
2024-04-08,3,low,288.8333333333333,3
2024-04-04,3,low,296.40399999999994,5
2024-04-03,3,low,319.114,5
2024-04-02,3,low,342.025,2
2024-04-01,3,low,311.71,1
2024-03-31,3,low,325.196,5
2024-03-12,3,low,270.405,2
2024-03-09,3,low,299.834,5
2024-02-29,3,low,325.68600000000004,5
2024-02-28,3,low,295.09000000000003,5
2024-02-21,3,low,299.76166666666666,6
2024-02-20,3,low,305.742,5
2024-02-14,3,low,288.41,4
2024-02-04,3,low,349.90333333333336,3
2024-01-24,3,low,279.57666666666665,6
2026-04-30,3,medium,449.82111111111107,9
2026-04-18,4,medium,335.15999999999997,4
2026-04-20,3,medium,436.865,2
2026-04-13,4,medium,295.02,4
2026-03-31,4,medium,286.84000000000003,5
2026-03-30,4,medium,320.5466666666667,3
2026-03-22,3,medium,369.21166666666664,6
2026-03-07,4,medium,296.75714285714287,7
2026-03-10,3,medium,420.55428571428575,7
2026-03-07,3,medium,505.97,1
2026-02-20,3,saturated,1076.8674999999998,4
2026-01-24,4,saturated,798.1042857142857,7
2026-02-18,3,saturated,1027.5357142857142,7
2026-01-17,4,saturated,746.3066666666667,3
2026-01-14,4,saturated,802.2883333333333,6
2026-02-10,3,saturated,1045.05,4
2026-01-09,4,saturated,809.41,7
2026-01-07,4,saturated,815.6342857142857,7
2026-01-01,4,saturated,804.5766666666665,6
2025-12-28,4,high,566.1400000000001,2
2025-12-24,4,high,491.83,1
2026-01-23,3,saturated,1061.38,9
2026-01-21,3,saturated,1051.465,4
2026-01-20,3,saturated,1102.712,5
2025-12-07,4,high,512.146,5
2026-01-13,3,saturated,1095.484,5
2025-12-03,4,high,520.3149999999999,4
2025-11-28,4,high,520.9375,8
2025-12-31,3,high,701.9089999999999,10
2025-11-16,4,high,522.9200000000001,5
2025-12-28,3,high,729.3983333333334,6
2025-12-17,3,high,688.3433333333332,3
2025-10-24,4,high,505.7742857142857,7
2025-12-04,3,high,732.4328571428572,7
2025-10-12,4,high,515.9285714285713,7
2025-10-08,4,high,486.5775,4
2025-10-07,4,high,527.5855555555556,9
2025-11-29,3,high,713.172,10
2025-10-01,4,high,546.6800000000001,2
2025-09-30,4,medium,328.885,4
2025-09-25,4,medium,265.47666666666663,3
2025-11-20,3,high,678.27,4
2025-11-16,3,high,720.8925,4
2025-09-07,4,medium,297.04833333333335,6
2025-09-03,4,medium,294.33250000000004,8
2025-08-31,4,medium,348.23333333333335,3
2025-08-30,4,medium,466.62,1
2025-08-23,4,medium,274.216,5
2025-08-16,4,medium,290.6925,4
2025-10-26,3,high,679.4683333333334,6
2025-08-14,4,medium,257.87,3
2025-08-03,4,medium,406.90333333333336,3
2025-07-28,4,medium,297.50666666666666,3
2025-10-14,3,high,667.5542857142857,7
2025-07-23,4,medium,373.71000000000004,2
2025-07-18,4,medium,306.48,4
2025-07-16,4,medium,315.18666666666667,3
2025-10-01,3,high,693.4499999999999,4
2025-07-02,4,medium,319.99,3
2025-09-24,3,medium,295.18,1
2025-06-17,4,saturated,786.2766666666666,3
2025-06-01,4,saturated,815.6179999999999,5
2025-05-31,4,saturated,858.1333333333333,3
2025-08-24,3,medium,403.67,5
2025-08-23,3,medium,393.67625,8
2025-05-29,4,saturated,837.9,2
2025-08-22,3,medium,407.355,2
2025-08-19,3,medium,419.0566666666667,6
2025-05-08,4,saturated,807.9466666666667,6
2025-05-05,4,saturated,799.0339999999999,5
2025-04-28,4,saturated,771.03,4
2025-07-25,3,medium,347.79,5
2025-07-20,3,medium,431.72125,8
2025-04-10,4,saturated,832.3425000000001,4
2025-04-06,4,saturated,783.9499999999999,3
2025-04-05,4,saturated,804.7620000000001,5
2025-07-08,3,medium,450.5866666666666,6
2025-07-07,3,medium,497.3,1
2025-06-30,3,saturated,1066.3714285714284,7
2025-03-26,4,medium,318.01,3
2025-03-24,4,medium,208.37,3
2025-06-27,3,saturated,1081.458,5
2025-06-23,3,saturated,1076.4864285714286,14
2025-06-21,3,saturated,1095.275,8
2025-03-06,4,medium,385.7525,4
2025-03-05,4,medium,303.0066666666667,6
2025-03-03,4,medium,339.5466666666666,3
2025-02-25,4,medium,304.46,5
2025-02-21,4,medium,305.2233333333333,3
2025-01-30,4,medium,284.87,2
2025-05-31,3,saturated,1057.5833333333335,6
2025-01-24,4,medium,280.66999999999996,7
2025-05-28,3,saturated,1043.6166666666668,6
2025-01-19,4,medium,330.83,1
2025-01-16,4,medium,354.54499999999996,2
2025-05-21,3,saturated,1071.605,4
2025-05-16,3,saturated,1058.2411111111112,9
2024-12-25,4,high,540.644,5
2025-05-10,3,saturated,1099.226,5
2025-05-09,3,saturated,1068.6927272727273,11
2025-05-05,3,saturated,1097.7657142857142,7
2024-12-02,4,high,524.59,3
2024-11-30,4,high,509.57,5
2024-11-29,4,high,471.43,1
2024-11-28,4,high,547.51,2
2024-11-26,4,high,451.08250000000004,4
2024-11-22,4,high,479.56,3
2024-11-20,4,high,537.34,2
2025-04-30,3,saturated,1057.2436363636364,11
2024-11-17,4,high,537.345,2
2024-11-14,4,high,532.0450000000001,4
2024-11-13,4,high,501.7442857142857,7
2024-11-09,4,high,480.7725,4
2025-04-22,3,saturated,1053.4137500000002,8
2024-10-28,4,high,529.52,1
2024-10-25,4,high,501.49,2
2024-10-19,4,high,485.685,2
2025-04-15,3,saturated,999.984,5
2025-04-14,3,saturated,1119.805,4
2024-10-07,4,high,499.28999999999996,2
2024-10-04,4,high,534.17,3
2024-10-03,4,high,537.8039999999999,5
2024-09-30,4,high,337.79,1
2025-04-07,3,saturated,1056.3945454545456,11
2024-09-11,4,high,562.6949999999999,2
2024-09-08,4,high,547.2639999999999,5
2024-08-27,4,medium,272.525,2
2024-08-26,4,medium,362.98,1
2024-08-22,4,medium,309.64,3
2024-08-13,4,medium,355.35,2
2024-08-08,4,medium,333.075,4
2024-08-07,4,medium,314.085,2
2025-03-15,3,medium,484.64333333333326,6
2024-08-01,4,medium,333.44666666666666,3
2025-03-13,3,medium,456.12000000000006,6
2024-07-02,4,medium,313.23166666666674,6
2025-02-27,3,medium,394.55125,8
2025-02-26,3,medium,415.02571428571434,7
2024-06-16,4,medium,345.115,2
2024-06-12,4,medium,299.99,4
2025-02-08,3,medium,414.05600000000004,5
2025-02-07,3,medium,489.74,4
2024-05-17,4,medium,340.91,1
2024-05-13,4,medium,317.0133333333333,3
2024-05-07,4,medium,324.21,1
2024-05-04,4,medium,316.684,5
2025-01-26,3,medium,411.93666666666667,3
2025-01-23,3,medium,396.65,7
2024-04-27,4,low,188.96,1
2024-04-22,4,low,117.63,1
2025-01-16,3,medium,445.922,10
2024-04-13,4,low,225.984,5
2025-01-10,3,medium,405.9057142857143,7
2024-03-29,4,low,221.73333333333335,3
2024-03-17,4,low,269.27,2
2024-03-13,4,low,227.88,1
2024-03-09,4,low,205.2375,4
2024-12-23,3,high,665.53,4
2024-12-16,3,high,617.0,4
2024-02-23,4,low,182.60666666666668,3
2024-02-08,4,low,140.52,1
2024-02-05,4,low,340.53,1
2024-01-25,4,low,237.085,2
2024-11-30,3,high,722.5799999999999,5
2024-11-29,3,high,713.68,4
2024-01-21,4,low,270.625,2
2024-01-18,4,low,245.245,4
2024-01-05,4,low,189.02499999999998,2
2024-01-04,4,low,226.74,3
2024-11-20,3,high,713.138,5
2024-11-11,3,high,729.2333333333332,3
2024-11-01,3,high,642.20625,8
2024-10-22,3,high,669.485,8
2024-10-21,3,high,663.2844444444445,9
2024-10-20,3,high,681.812,5
2024-10-12,3,high,717.77,5
2024-10-06,3,high,705.9566666666666,6
2024-10-03,3,high,718.6366666666667,3
2024-09-29,3,high,674.424,5
2024-09-19,3,high,653.95,6
2024-09-15,3,high,718.5849999999999,4
2024-09-14,3,high,717.455,6
2024-09-08,3,high,702.2433333333333,3
2024-09-03,3,high,701.92,1
2024-08-29,3,medium,389.9942857142857,7
2024-08-14,3,medium,526.16,1
2024-08-10,3,medium,417.49,2
2024-08-09,3,medium,437.345,2
2024-08-08,3,medium,442.066,5
2024-07-19,3,medium,370.82,5
2024-07-17,3,medium,301.40999999999997,2
2024-07-10,3,medium,378.17,1
2024-06-17,3,medium,353.018,5
2024-06-10,3,medium,402.1122222222222,9
2024-05-27,3,medium,434.02,5
2024-05-12,3,medium,470.8,4
2024-05-10,3,medium,417.008,5
2024-05-02,3,medium,436.75571428571436,7
2024-04-22,3,low,299.055,2
2024-04-21,3,low,284.2277777777778,9
2024-04-15,3,low,312.24499999999995,6
2024-03-14,3,low,345.015,2
2024-02-16,3,low,309.7633333333333,6
2024-02-08,3,low,319.29,5
2024-02-07,3,low,231.37,1
2024-01-09,3,low,325.9433333333333,6
2024-01-07,3,low,302.1725,4
2024-01-04,3,low,252.35,7
2026-04-26,4,medium,323.04499999999996,4
2026-04-22,3,medium,380.5533333333333,6
2026-04-21,3,medium,401.40625,8
2026-04-14,4,medium,300.09666666666664,6
2026-04-17,3,medium,490.5009090909091,11
2026-04-04,4,medium,323.09,6
2026-03-24,4,medium,323.765,2
2026-04-03,3,medium,450.355,4
2026-03-31,3,medium,464.2325,8
2026-03-26,3,medium,441.564,5
2026-03-06,4,medium,356.86833333333334,6
2026-03-02,4,medium,293.775,6
2026-02-28,4,saturated,782.116,5
2026-02-27,4,saturated,793.265,6
2026-03-14,3,medium,435.8718181818182,11
2026-02-22,4,saturated,775.653,10
2026-03-08,3,medium,369.635,2
2026-03-06,3,medium,421.7366666666667,6
2026-02-07,4,saturated,799.61,3
2026-01-20,4,saturated,789.78,4
2026-01-15,4,saturated,818.7250000000001,4
2026-01-13,4,saturated,751.4200000000001,3
2026-01-12,4,saturated,779.355,4
2026-01-10,4,saturated,726.8616666666667,6
2026-02-06,3,saturated,1071.4866666666667,9
2026-01-05,4,saturated,824.4433333333333,6
2026-01-02,4,saturated,767.59,4
2026-01-30,3,saturated,1080.589,10
2025-12-22,4,high,500.28499999999997,4
2025-12-20,4,high,491.00142857142856,7
2026-01-24,3,saturated,1126.2933333333333,3
2026-01-14,3,saturated,1079.8128571428572,7
2025-12-04,4,high,530.798,5
2025-11-30,4,high,484.985,8
2025-11-27,4,high,508.686,5
2026-01-05,3,saturated,1050.3485714285714,7
2026-01-04,3,saturated,1015.7357142857144,7
2025-11-20,4,high,558.0433333333334,3
2025-11-17,4,high,481.745,2
2025-11-13,4,high,541.97,4
2025-11-11,4,high,543.12,6
2025-11-06,4,high,496.424,5
2025-12-18,3,high,676.682,5
2025-11-05,4,high,478.196,5
2025-10-31,4,high,508.8671428571428,7
2025-12-08,3,high,679.02,5
2025-12-07,3,high,681.4214285714287,7
2025-10-20,4,high,521.3399999999999,5
2025-10-16,4,high,513.4499999999999,6
2025-10-15,4,high,520.0260000000001,5
2025-10-14,4,high,449.706,5
2025-10-09,4,high,531.63,5
2025-11-28,3,high,673.2428571428571,7
2025-11-22,3,high,694.4166666666666,6
2025-11-19,3,high,713.5539999999999,5
2025-11-11,3,high,674.3499999999999,4
2025-11-09,3,high,691.0557142857143,7
2025-11-05,3,high,720.2649999999999,10
2025-08-28,4,medium,334.72666666666663,3
2025-11-03,3,high,698.8133333333334,3
2025-11-02,3,high,679.267,10
2025-11-01,3,high,627.19,3
2025-10-25,3,high,672.1228571428572,7
2025-08-09,4,medium,333.17999999999995,4
2025-08-06,4,medium,340.6820000000001,10
2025-08-05,4,medium,312.1460000000001,5
2025-10-19,3,high,684.56,4
2025-08-04,4,medium,353.9633333333333,6
2025-08-02,4,medium,321.6766666666667,3
2025-08-01,4,medium,316.445,2
2025-07-22,4,medium,422.44500000000005,2
2025-07-21,4,medium,282.2628571428572,7
2025-10-08,3,high,691.9475,4
2025-07-12,4,medium,338.62,2
2025-07-11,4,medium,320.9575,4
2025-07-07,4,medium,274.4525,4
2025-09-22,3,medium,369.266,5
2025-09-19,3,medium,381.09000000000003,4
2025-09-17,3,medium,446.21000000000004,2
2025-09-10,3,medium,461.125,2
2025-09-09,3,medium,379.08,3
2025-09-06,3,medium,390.278,5
2025-06-09,4,saturated,775.1674999999999,8
2025-08-31,3,medium,415.66,9
2025-08-25,3,medium,380.0725,4
2025-08-18,3,medium,434.69,6
2025-08-17,3,medium,452.80333333333334,3
2025-05-21,4,saturated,753.6966666666667,3
2025-08-10,3,medium,402.3,5
2025-08-02,3,medium,421.19000000000005,5
2025-07-29,3,medium,414.6600000000001,8
2025-07-22,3,medium,462.1766666666667,3
2025-07-17,3,medium,424.2925,8
2025-07-16,3,medium,476.2675,4
2025-04-12,4,saturated,794.7700000000001,7
2025-07-14,3,medium,412.61400000000003,5
2025-07-13,3,medium,379.34999999999997,6
2025-07-12,3,medium,459.535,2
2025-04-01,4,saturated,782.48,2
2025-03-23,4,medium,284.59,4
2025-03-19,4,medium,275.39,4
2025-03-17,4,medium,304.655,2
2025-03-12,4,medium,290.34714285714284,7
2025-03-09,4,medium,321.95,3
2025-02-28,4,medium,307.93,4
2025-06-14,3,saturated,1078.4555555555555,9
2025-02-12,4,medium,281.2733333333333,3
2025-05-30,3,saturated,1121.3333333333333,6
2025-01-17,4,medium,336.055,2
2025-01-09,4,medium,305.95666666666665,3
2024-12-31,4,high,511.68000000000006,4
2025-05-17,3,saturated,1070.2485714285713,7
2024-12-26,4,high,510.13250000000005,4
2024-12-22,4,high,400.71,1
2025-05-12,3,saturated,1075.7640000000001,10
2024-11-16,4,high,520.5525,4
2024-11-08,4,high,493.90749999999997,4
2024-11-07,4,high,516.0799999999999,3
2024-11-03,4,high,541.7075,4
2024-10-31,4,high,540.4033333333333,3
2024-10-24,4,high,634.63,1
2024-10-21,4,high,505.3433333333333,3
2024-10-17,4,high,499.355,4
2024-10-16,4,high,504.135,2
2024-10-14,4,high,527.79,2
2024-09-24,4,high,496.03999999999996,4
2024-09-23,4,high,463.635,2
2024-09-19,4,high,391.1,1
2025-04-02,3,saturated,1058.975,8
2025-03-26,3,medium,416.74857142857144,7
2025-03-25,3,medium,438.0828571428571,7
2024-08-20,4,medium,249.5,1
2024-08-04,4,medium,317.53,4
2024-08-03,4,medium,261.326,5
2025-03-14,3,medium,430.2844444444445,9
2024-07-31,4,medium,237.6,1
2024-07-24,4,medium,352.45,1
2024-07-21,4,medium,354.66,3
2024-07-16,4,medium,303.64,7
2024-07-15,4,medium,312.83500000000004,2
2025-03-07,3,medium,371.41,3
2024-07-06,4,medium,321.73333333333335,3
2024-06-30,4,medium,279.06,1
2024-06-25,4,medium,335.4666666666667,3
2024-06-19,4,medium,335.495,2
2025-02-22,3,medium,409.3225,4
2024-06-11,4,medium,319.176,5
2024-06-10,4,medium,315.16999999999996,5
2025-02-19,3,medium,435.5549999999999,6
2025-02-17,3,medium,406.3775,8
2024-06-03,4,medium,356.425,6
2025-02-10,3,medium,413.685,4
2025-02-09,3,medium,411.6385714285713,7
2024-05-22,4,medium,419.07,4
2025-02-05,3,medium,432.3372727272727,11
2024-05-20,4,medium,284.34,1
2025-02-04,3,medium,418.15200000000004,5
2025-02-03,3,medium,427.425,4
2024-05-08,4,medium,336.61,1
2025-01-25,3,medium,418.27666666666664,3
2024-04-18,4,low,161.65,6
2024-04-14,4,low,209.56833333333336,6
2024-04-12,4,low,212.51799999999997,5
2024-04-11,4,low,182.06,2
2024-04-05,4,low,156.64666666666668,3
2024-03-30,4,low,257.19,3
2025-01-06,3,medium,417.635,2
2024-03-20,4,low,254.224,5
2024-12-30,3,high,760.1266666666667,3
2024-03-14,4,low,245.39499999999998,4
2024-03-07,4,low,194.436,5
2024-03-01,4,low,250.4,6
2024-12-17,3,high,677.81,4
2024-12-13,3,high,708.2375,8
2024-02-16,4,low,218.98333333333335,3
2024-12-09,3,high,701.867142857143,7
2024-02-12,4,low,281.26,1
2024-12-08,3,high,676.415,6
2024-02-09,4,low,236.47333333333333,3
2024-12-06,3,high,662.8340000000001,5
2024-12-03,3,high,673.575,6
2024-01-31,4,low,183.455,2
2024-01-29,4,low,260.0175,4
2024-11-27,3,high,721.7933333333334,3
2024-01-14,4,low,201.59333333333333,3
2024-11-07,3,high,668.6966666666666,6
2024-10-28,3,high,637.4583333333334,6
2024-10-26,3,high,683.1483333333334,6
2024-10-25,3,high,679.7850000000001,4
2024-10-11,3,high,711.466,5
2024-10-07,3,high,656.2928571428572,7
2024-10-05,3,high,763.1375,4
2024-09-17,3,high,743.8499999999999,6
2024-09-13,3,high,632.668,5
2024-09-10,3,high,647.3800000000001,4
2024-08-26,3,medium,467.23333333333335,3
2024-08-20,3,medium,368.98333333333335,6
2024-08-06,3,medium,442.48499999999996,6
2024-08-01,3,medium,463.0325,4
2024-07-21,3,medium,415.4375,8
2024-07-08,3,medium,295.305,2
2024-07-03,3,medium,423.69,1
2024-06-23,3,medium,441.8833333333334,3
2024-06-09,3,medium,434.89000000000004,6
2024-06-02,3,medium,388.098,5
2024-05-13,3,medium,395.68666666666667,3
2024-05-09,3,medium,361.9,2
2024-05-08,3,medium,433.47,1
2024-04-09,3,low,309.775,2
2024-03-05,3,low,270.735,6
2024-02-27,3,low,297.11,7
2024-02-18,3,low,293.1933333333333,3
2024-02-06,3,low,279.9025,4
2024-02-01,3,low,321.545,2
2024-01-22,3,low,291.32,1
2024-01-17,3,low,332.33799999999997,5
2024-01-12,3,low,262.21,2
2024-01-08,3,low,278.4,1
2026-04-23,4,medium,304.60714285714283,7
2026-04-16,4,medium,337.7275,8
2026-04-11,4,medium,283.36,4
2026-04-08,4,medium,332.5585714285714,7
2026-04-05,4,medium,347.78875000000005,8
2026-04-12,3,medium,413.12750000000005,8
2026-03-22,4,medium,294.41428571428565,7
2026-03-20,4,medium,326.9975,4
2026-03-18,4,medium,267.88166666666666,6
2026-03-20,3,medium,464.3025,4
2026-03-16,3,medium,457.14833333333337,6
2026-03-15,3,medium,420.58375,8
2026-02-20,4,saturated,794.684,5
2026-02-19,4,saturated,805.6775,4
2026-03-05,3,medium,404.8109090909091,11
2026-02-11,4,saturated,775.9766666666668,3
2026-02-10,4,saturated,789.6583333333333,6
2026-03-02,3,medium,452.62,7
2026-02-27,3,saturated,1074.985,8
2026-01-27,4,saturated,799.3233333333334,3
2026-02-19,3,saturated,1005.7433333333332,3
2026-02-16,3,saturated,1032.5583333333332,6
2026-02-09,3,saturated,1061.5916666666667,6
2026-02-04,3,saturated,1045.45,8
2026-02-02,3,saturated,1082.9299999999998,9
2025-12-21,4,high,529.56,1
2025-12-18,4,high,513.8033333333334,3
2026-01-11,3,saturated,1049.755,4
2025-12-02,4,high,526.2433333333332,6
2025-11-25,4,high,512.66,2
2025-11-18,4,high,512.3366666666666,9
2025-12-30,3,high,679.23125,8
2025-12-25,3,high,657.9133333333333,6
2025-12-20,3,high,705.6233333333333,3
2025-11-04,4,high,484.0266666666667,3
2025-11-02,4,high,507.97799999999995,5
2025-12-12,3,high,704.914,10
2025-12-11,3,high,678.5525,4
2025-12-03,3,high,668.0428571428572,14
2025-11-27,3,high,699.0,3
2025-09-13,4,medium,349.71000000000004,3
2025-08-24,4,medium,294.91428571428565,7
2025-10-30,3,high,692.038,5
2025-10-28,3,high,672.3133333333334,6
2025-10-23,3,high,668.3425,4
2025-08-08,4,medium,316.41333333333336,6
2025-10-18,3,high,692.321,10
2025-10-13,3,high,660.7914285714286,7
2025-07-19,4,medium,292.8933333333334,6
2025-09-28,3,medium,415.66,5
2025-07-01,4,medium,321.365,8
2025-09-26,3,medium,380.595,4
2025-09-18,3,medium,404.002,5
2025-09-14,3,medium,418.62800000000004,5
2025-09-12,3,medium,430.77,3
2025-09-07,3,medium,383.86571428571426,7
2025-09-02,3,medium,414.8725,4
2025-06-07,4,saturated,825.0820000000001,5
2025-06-06,4,saturated,808.117142857143,7
2025-05-16,4,saturated,785.7083333333334,6
2025-05-15,4,saturated,788.1771428571428,7
2025-05-11,4,saturated,774.4200000000001,4
2025-08-06,3,medium,433.23285714285714,7
2025-08-05,3,medium,449.0539999999999,5
2025-07-31,3,medium,376.0925,4
2025-04-29,4,saturated,777.7416666666667,6
2025-04-20,4,saturated,778.4100000000001,7
2025-04-08,4,saturated,789.2020000000001,10
2025-04-07,4,saturated,799.8124999999999,4
2025-03-29,4,medium,345.79222222222216,9
2025-06-26,3,saturated,1085.65,7
2025-03-21,4,medium,277.875,2
2025-06-24,3,saturated,1047.068,5
2025-03-11,4,medium,323.15,9
2025-03-01,4,medium,247.35500000000002,4
2025-02-18,4,medium,296.96999999999997,3
2025-02-14,4,medium,306.42600000000004,5
2025-06-05,3,saturated,1051.486,10
2025-01-27,4,medium,256.5775,4
2025-05-29,3,saturated,1061.6866666666667,6
2025-01-11,4,medium,309.27,3
2025-05-20,3,saturated,1084.5175000000002,8
2024-12-18,4,high,548.565,2
2025-05-08,3,saturated,1071.2558333333334,12
2024-12-11,4,high,490.25666666666666,3
2024-12-01,4,high,496.23,2
2024-11-23,4,high,496.31666666666666,3
2025-04-29,3,saturated,1103.5457142857144,7
2024-11-10,4,high,508.6433333333334,3
2024-11-01,4,high,489.5933333333333,3
2025-04-20,3,saturated,1041.2599999999998,9
2025-04-17,3,saturated,1052.3828571428571,7
2024-10-15,4,high,435.86,2
2025-04-09,3,saturated,1050.32,10
2025-04-08,3,saturated,1067.3625,4
2024-09-13,4,high,570.45,5
2024-09-07,4,high,426.2,2
2025-03-27,3,medium,415.45625000000007,8
2024-08-30,4,medium,343.46799999999996,5
2024-08-25,4,medium,256.73,1
2024-08-17,4,medium,308.21500000000003,2
2024-08-15,4,medium,340.86,2
2024-07-30,4,medium,280.99,4
2025-03-12,3,medium,454.4783333333333,6
2024-07-27,4,medium,288.49,1
2024-07-20,4,medium,338.84,1
2025-03-09,3,medium,420.5244444444445,9
2024-07-14,4,medium,344.0733333333333,3
2024-07-01,4,medium,254.98000000000002,2
2024-06-22,4,medium,328.61,6
2024-06-07,4,medium,351.87,2
2024-06-04,4,medium,273.55,4
2025-02-14,3,medium,384.98500000000007,6
2025-02-12,3,medium,427.65833333333336,6
2024-05-27,4,medium,370.005,4
2024-05-26,4,medium,345.55,3
2025-01-31,3,medium,453.84,2
2024-04-28,4,low,211.38000000000002,7
2024-04-25,4,low,207.96499999999997,4
2025-01-20,3,medium,393.71999999999997,4
2024-04-16,4,low,142.1,1
2024-04-15,4,low,222.474,5
2025-01-15,3,medium,473.94,3
2025-01-13,3,medium,446.718,5
2024-04-07,4,low,301.74999999999994,6
2024-04-02,4,low,199.42666666666665,3
2024-03-28,4,low,238.85666666666668,3
2025-01-04,3,medium,371.45,3
2024-12-29,3,high,724.9766666666666,3
2024-03-16,4,low,221.715,2
2024-03-11,4,low,227.31,2
2024-12-24,3,high,673.6866666666666,3
2024-12-22,3,high,703.6700000000001,5
2024-03-05,4,low,230.3225,4
2024-02-18,4,low,232.3133333333333,3
2024-12-11,3,high,684.2025,4
2024-12-07,3,high,658.9516666666666,6
2024-02-06,4,low,175.05666666666664,3
2024-02-01,4,low,248.10999999999999,5
2024-01-17,4,low,204.755,2
2024-11-14,3,high,688.3585714285715,7
2024-11-09,3,high,708.5916666666666,6
2024-11-03,3,high,600.1700000000001,2
2024-09-30,3,high,758.14,1
2024-09-28,3,high,732.5939999999999,5
2024-09-26,3,high,685.732,5
2024-09-06,3,high,706.35,4
2024-09-01,3,high,662.394,5
2024-08-23,3,medium,433.05600000000004,5
2024-08-17,3,medium,454.34666666666664,3
2024-08-13,3,medium,403.38199999999995,5
2024-08-12,3,medium,403.6225,4
2024-08-04,3,medium,404.14000000000004,3
2024-07-29,3,medium,387.96666666666664,3
2024-07-28,3,medium,435.32874999999996,8
2024-07-14,3,medium,401.14750000000004,4
2024-06-28,3,medium,377.125,2
2024-06-24,3,medium,450.03,2
2024-06-05,3,medium,421.665,2
2024-05-31,3,medium,434.85,2
2024-05-21,3,medium,465.6966666666667,3
2024-05-17,3,medium,450.26666666666665,3
2024-05-16,3,medium,414.008,5
2024-04-26,3,low,315.46666666666664,6
2024-04-11,3,low,301.02799999999996,5
2024-04-10,3,low,251.615,4
2024-03-29,3,low,273.96,1
2024-03-25,3,low,258.6625,4
2024-02-25,3,low,328.25,5
2024-02-22,3,low,298.97249999999997,4
2024-02-19,3,low,302.105,2
2024-02-15,3,low,257.365,4
2024-02-13,3,low,246.45,1
2024-02-02,3,low,316.51200000000006,5
2024-01-10,3,low,311.6333333333333,3
2024-01-05,3,low,238.04,3
2026-04-28,4,medium,328.6575,8
2026-04-09,4,medium,265.8825,4
2026-04-07,3,medium,429.28399999999993,10
2026-03-29,4,medium,353.03999999999996,4
2026-03-27,4,medium,315.4066666666667,6
2026-03-21,4,medium,335.3416666666667,6
2026-03-19,4,medium,319.3183333333333,6
2026-03-09,4,medium,274.095,2
2026-03-08,4,medium,274.90333333333336,3
2026-02-26,4,saturated,810.1783333333333,6
2026-02-25,4,saturated,811.326,5
2026-03-11,3,medium,406.49000000000007,10
2026-02-21,4,saturated,786.7333333333332,6
2026-03-09,3,medium,379.24500000000006,6
2026-02-09,4,saturated,778.8599999999999,5
2026-02-24,3,saturated,1092.2900000000002,8
2026-01-29,4,saturated,730.425,2
2026-02-13,3,saturated,1119.94,4
2026-01-16,4,saturated,858.085,2
2026-02-12,3,saturated,1099.22875,8
2026-01-08,4,saturated,791.515,6
2026-01-03,4,saturated,786.8400000000001,3
2025-12-30,4,high,502.4688888888889,9
2025-12-17,4,high,523.9875,8
2025-12-16,4,high,499.66,1
2025-12-14,4,high,570.87625,8
2025-12-12,4,high,482.32,4
2026-01-18,3,saturated,1059.665,4
2026-01-17,3,saturated,1068.6299999999999,5
2025-12-08,4,high,608.1025,4
2026-01-09,3,saturated,1089.9075,8
2025-11-29,4,high,547.09,1
2026-01-02,3,saturated,1046.8525000000002,12
2025-12-24,3,high,607.78,1
2025-12-23,3,high,624.12,2
2025-10-29,4,high,552.3199999999999,2
2025-10-23,4,high,525.228,5
2025-10-22,4,high,501.10600000000005,5
2025-10-18,4,high,466.015,2
2025-10-11,4,high,473.11,2
2025-09-29,4,medium,344.74666666666667,3
2025-09-26,4,medium,309.3566666666666,3
2025-09-18,4,medium,215.12666666666667,3
2025-09-17,4,medium,305.32800000000003,5
2025-09-15,4,medium,327.14,7
2025-11-17,3,high,727.5566666666667,3
2025-11-13,3,high,713.1191666666665,12
2025-11-07,3,high,695.0975000000001,8
2025-08-29,4,medium,334.3085714285714,7
2025-10-27,3,high,702.0757142857144,7
2025-08-15,4,medium,339.3933333333334,6
2025-08-10,4,medium,330.4325,4
2025-07-31,4,medium,331.5625,4
2025-07-30,4,medium,330.3,5
2025-07-27,4,medium,296.48400000000004,5
2025-10-11,3,high,690.645,6
2025-10-07,3,high,721.73625,8
2025-07-13,4,medium,321.205,6
2025-10-04,3,high,685.63,2
2025-09-25,3,medium,437.858,5
2025-09-21,3,medium,428.54333333333335,3
2025-09-20,3,medium,470.6666666666667,6
2025-06-26,4,saturated,799.5500000000001,6
2025-09-15,3,medium,455.82166666666666,6
2025-06-21,4,saturated,784.842,5
2025-09-01,3,medium,445.66999999999996,5
2025-06-08,4,saturated,767.4371428571428,7
2025-05-26,4,saturated,770.75,3
2025-05-22,4,saturated,801.045,4
2025-05-20,4,saturated,733.26,1
2025-05-02,4,saturated,839.4814285714284,7
2025-08-03,3,medium,456.855,2
2025-08-01,3,medium,385.4925,4
2025-04-27,4,saturated,755.0875000000001,4
2025-07-27,3,medium,464.09749999999997,4
2025-07-26,3,medium,413.35,4
2025-04-24,4,saturated,791.4516666666667,6
2025-04-15,4,saturated,781.0462500000001,8
2025-07-11,3,medium,429.35125,8
2025-07-06,3,medium,435.95142857142866,7
2025-03-31,4,medium,337.64000000000004,3
2025-07-04,3,medium,456.56333333333333,3
2025-03-28,4,medium,272.69,3
2025-03-22,4,medium,292.05875,8
2025-03-20,4,medium,372.51,2
2025-03-04,4,medium,345.35,5
2025-02-23,4,medium,332.31333333333333,3
2025-02-22,4,medium,296.67833333333334,6
2025-02-20,4,medium,280.78,2
2025-06-08,3,saturated,1025.32,6
2025-06-07,3,saturated,1074.8557142857142,7
2025-02-10,4,medium,296.02799999999996,5
2025-02-07,4,medium,304.1125,4
2025-01-22,4,medium,310.97,3
2025-01-18,4,medium,300.3933333333334,3
2025-01-12,4,medium,263.7833333333333,3
2025-01-08,4,medium,251.445,2
2025-01-07,4,medium,358.195,6
2025-01-06,4,medium,313.87800000000004,5
2025-01-05,4,medium,324.605,2
2025-01-02,4,medium,251.35,2
2024-12-30,4,high,497.5612500000001,8
2024-12-28,4,high,529.8025,4
2025-05-13,3,saturated,1050.8958333333333,12
2024-12-19,4,high,456.86,1
2025-05-07,3,saturated,1094.9689999999998,10
2024-12-07,4,high,537.1700000000001,6
2024-12-06,4,high,492.48,2
2025-05-03,3,saturated,1079.9299999999998,5
2025-04-26,3,saturated,1104.337857142857,14
2025-04-25,3,saturated,1103.75,3
2025-04-24,3,saturated,1109.3990909090908,11
2025-04-23,3,saturated,1079.442,5
2025-04-19,3,saturated,1060.7259999999999,5
2025-04-18,3,saturated,1090.9683333333332,6
2024-10-12,4,high,539.824,5
2024-10-10,4,high,509.75749999999994,4
2025-04-10,3,saturated,1033.4866666666667,6
2024-09-22,4,high,529.4549999999999,4
2024-09-20,4,high,517.53,6
2025-04-04,3,saturated,1060.868,10
2024-09-18,4,high,508.75750000000005,4
2025-03-29,3,medium,433.99000000000007,7
2024-09-06,4,high,504.38374999999996,8
2024-09-05,4,high,488.6033333333333,3
2024-08-29,4,medium,261.15500000000003,4
2024-08-23,4,medium,357.44,3
2024-08-21,4,medium,401.07,1
2025-03-21,3,medium,454.726,5
2024-08-12,4,medium,319.46500000000003,2
2024-08-11,4,medium,328.7925,4
2024-08-09,4,medium,290.91,1
2024-08-05,4,medium,262.87,2
2025-03-10,3,medium,390.7857142857143,7
2025-03-03,3,medium,421.57444444444445,9
2024-07-05,4,medium,326.46500000000003,2
2024-07-04,4,medium,328.648,5
2024-06-24,4,medium,344.22499999999997,4
2025-02-25,3,medium,379.31222222222215,9
2024-06-20,4,medium,253.26999999999998,2
2024-06-15,4,medium,329.4633333333333,3
2024-06-14,4,medium,310.145,2
2024-06-08,4,medium,311.43,3
2024-05-25,4,medium,311.1,3
2024-05-21,4,medium,321.5625,8
2024-04-26,4,low,172.56,2
2025-01-21,3,medium,419.59999999999997,6
2024-04-17,4,low,264.55,1
2024-04-06,4,low,245.905,4
2025-01-09,3,medium,426.66875000000005,8
2024-04-04,4,low,219.795,2
2024-03-31,4,low,192.745,4
2024-03-26,4,low,263.99666666666667,3
2025-01-02,3,medium,360.62399999999997,5
2024-12-28,3,high,695.7289999999999,10
2024-03-10,4,low,175.34428571428572,7
2024-02-29,4,low,267.0,2
2024-12-10,3,high,681.81,2
2024-02-07,4,low,265.28000000000003,3
2024-12-04,3,high,704.8342857142858,7
2024-01-22,4,low,211.51,1
2024-01-19,4,low,206.89499999999998,2
2024-11-25,3,high,702.735,2
2024-01-11,4,low,205.85666666666665,3
2024-11-22,3,high,743.71,1
2024-01-03,4,low,171.63,1
2024-11-18,3,high,712.635,2
2024-11-15,3,high,702.4075,4
2024-11-13,3,high,661.3733333333333,3
2024-11-02,3,high,636.56,2
2024-10-23,3,high,693.9188888888889,9
2024-10-18,3,high,625.802,5
2024-10-16,3,high,670.8228571428572,7
2024-10-08,3,high,739.734,5
2024-09-23,3,high,694.024,5
2024-09-11,3,high,666.3639999999999,5
2024-09-04,3,high,689.89,4
2024-08-25,3,medium,408.38000000000005,3
2024-08-18,3,medium,482.58600000000007,5
2024-08-05,3,medium,372.5,3
2024-08-03,3,medium,359.59999999999997,3
2024-07-27,3,medium,309.25,2
2024-07-24,3,medium,484.66249999999997,4
2024-07-22,3,medium,423.02,2
2024-07-11,3,medium,433.59999999999997,3
2024-06-18,3,medium,359.25,3
2024-06-14,3,medium,393.592,5
2024-06-12,3,medium,397.27285714285716,7
2024-06-11,3,medium,413.6566666666667,3
2024-05-07,3,medium,410.3883333333333,6
2024-05-05,3,medium,409.2916666666667,6
2024-05-03,3,medium,420.03666666666663,3
2024-05-01,3,medium,477.45666666666665,6
2024-04-28,3,low,300.305,4
2024-04-24,3,low,323.84000000000003,2
2024-04-07,3,low,300.275,2
2024-03-28,3,low,308.42,3
2024-03-26,3,low,309.1366666666667,3
2024-03-23,3,low,282.17285714285714,7
2024-03-21,3,low,299.7075,4
2024-03-19,3,low,271.16,4
2024-03-13,3,low,271.395,2
2024-03-01,3,low,322.364,5
2024-02-24,3,low,270.59666666666664,3
2024-02-17,3,low,343.775,2
2024-02-11,3,low,236.43599999999998,5
2024-02-09,3,low,310.53999999999996,4
2024-02-03,3,low,281.552,5
2024-01-30,3,low,308.84749999999997,4
2024-01-27,3,low,321.9475,8
2024-01-26,3,low,234.04333333333338,3
2024-01-06,3,low,287.52875,8
2024-01-02,3,low,258.8025,4
