indicador,anterior,actual,variacion
ticket_medio_eur,1072.8257204610954,1142.0492810457536,0.06452451620465083
conversion,0.09036458333333333,0.12151295542539461,0.3446966825173352
margen_contribucion,0.6535883145731165,0.6681600595970278,0.022294990132173176
ventas,694.0,1224.0,0.7636887608069165
oportunidades,7680.0,10073.0,0.3115885416666666
costo_adquisicion_eur,56375.27999999985,81156.37000000007,0.43957369258299517
ingresos_eur,744541.0500000002,1397868.3200000024,0.877489924833563
contribucion_eur,486623.32999999856,933999.7799999989,0.9193485441809821
cac_eur,81.23239193083552,66.3042238562092,-0.18377112528382455
