variable,coef,odds_ratio
cat__ad_budget_level_saturated,-0.6969697254894276,0.4980923758476003
num__lead_score,0.5971454822144662,1.8169249463685233
bin__new_product_offer,-0.4759610882897564,0.621287657142408
cat__lifecycle_stage_new_visitor,-0.4704552100841634,0.6247178256930328
cat__cta_variant_standard,-0.43633696880987705,0.6463998726368305
cat__landing_variant_baseline,-0.40700606167938763,0.6656401553920825
cat__campaign_objective_cold_acquisition,-0.4013648663702408,0.6694057728198199
bin__webinar_attended,0.35652637360791684,1.4283592010074422
cat__channel_Facebook Ads,-0.3319377852097629,0.7175319625663432
cat__channel_Google Ads,-0.3005599274141451,0.7404035323595743
cat__channel_Afiliados,-0.27808967387655303,0.7572289148174229
cat__device_mobile,-0.2663609560334694,0.7661625265970464
cat__customer_segment_SMB,-0.2615948067365793,0.769822887568811
cat__landing_variant_landing_v2,-0.25097280332328165,0.7780435314696146
cat__cta_variant_benefit_cta,-0.22164189619279026,0.8012022265360379
cat__quarter_2024Q1,-0.21409039829100565,0.8072754054070952
cat__geo_region_AR,-0.20938802996970424,0.8110804510515841
cat__device_tablet,-0.2053287515174879,0.8143795438876503
cat__geo_region_MX,-0.20452567268332789,0.8150338175438182
cat__customer_segment_Creator,-0.18948011051872546,0.8273891730752679
cat__device_desktop,-0.1862891574517137,0.8300335498920683
cat__campaign_objective_evergreen,-0.17956993152035017,0.8356295120575938
cat__quarter_2025Q1,-0.17519326328441628,0.8392948002243897
cat__channel_Email,0.17270073792714147,1.1885103757798727
cat__geo_region_CO,-0.15614207450250905,0.8554376458590719
bin__lead_magnet,0.14979626208276248,1.1615975571512265
cat__lifecycle_stage_known_lead,-0.14866800516916778,0.8618551988780828
cat__channel_Webinar,0.14296868467207063,1.1536936728046259
cat__customer_segment_Ecommerce,-0.13465905466941247,0.8740138518361495
cat__ad_budget_level_low,0.1315779519951219,1.1406268183931274
cat__quarter_2024Q2,-0.12667864855169292,0.8810167431185438
cat__quarter_2024Q3,-0.10587874903812983,0.8995337107914789
cat__campaign_objective_launch,-0.0778356010046853,0.9251165022661704
cat__geo_region_ES,-0.07667149257658153,0.9261940652618307
cat__quarter_2026Q1,0.07592228076286714,1.078878721267659
bin__webinar_invited,0.0755957876276445,1.0785265322682012
cat__quarter_2025Q4,-0.06677772678516096,0.9354030932842295
bin__checkout_simplified,0.050902031523567516,1.052219803862473
cat__geo_region_US Hispanic,-0.044081380930403445,0.9568760828384324
cat__customer_segment_B2B Services,-0.04378267632975617,0.9571619488192419
cat__ad_budget_level_high,-0.04203758190263535,0.9588337450988962
cat__lifecycle_stage_returning_customer,-0.03885564974934683,0.9618895481227773
cat__geo_region_CL,0.0328297856598365,1.0333746290898829
cat__channel_SEO / Blog,-0.0320213579424185,0.9684858969922818
cat__channel_YouTube Organico,-0.03103954315901795,0.9694372377072316
cat__quarter_2026Q2,-0.03040762848004675,0.970050032924835
cat__customer_segment_Enterprise,-0.02846221674821336,0.9719390164689683
cat__ad_budget_level_organic_or_owned,-0.025481152378762216,0.9748407522218595
cat__ad_budget_level_medium,-0.025068357226979487,0.9752432448259193
cat__quarter_2024Q4,-0.02017192546745978,0.9800301666773492
cat__quarter_2025Q2,0.012455768443940515,1.0125336646105956
cat__quarter_2025Q3,-0.0071585743116008484,0.9928669872503374
cat__campaign_objective_nurture,0.003295725797525914,1.0033011626729682
cat__campaign_objective_retargeting,-0.0025041919049351453,0.9974989409679627
