dimension,valor,oportunidades,ventas,conversion,ingresos_eur,contribucion_eur,costo_eur,cac_eur,roas,ticket_medio_eur,contribucion_por_oportunidad,pct_funnel_completo,lead_score_medio
canal,Afiliados,1745,127.0,0.07277936962750717,136071.50000000003,78112.68999999983,12481.019999999999,98.27574803149605,10.902274012861131,1071.429133858268,44.76371919770764,0.09742120343839542,53.45558739255014
canal,Email,3254,622.0,0.19114935464044253,680292.2800000004,505199.5099999996,2332.269999999986,3.749630225080363,291.68676010925174,1093.7174919614154,155.2549200983404,0.10018438844499078,68.58881376767056
canal,Facebook Ads,4599,223.0,0.048488801913459445,228623.88999999996,84432.70000000016,73322.17999999986,328.79901345291415,3.118072730516201,1025.2192376681612,18.358925853446436,0.08197434224831485,45.70732767993042
canal,Google Ads,3269,199.0,0.06087488528602019,221094.12,111849.62000000002,43417.03000000007,218.17603015075412,5.092336348202529,1111.025728643216,34.21524013459774,0.09605383909452432,51.211685530743345
canal,SEO / Blog,3083,375.0,0.1216347713266299,420310.9800000003,300375.4300000002,5701.84,15.204906666666668,73.71497271056366,1120.8292800000008,97.42959130716842,0.09730781706130393,62.377878689588066
canal,Webinar,1659,291.0,0.17540687160940324,355556.1700000001,253967.74000000046,9360.499999999987,32.16666666666662,37.9847411997223,1221.8425085910656,153.08483423749274,0.09403254972875226,65.99758890898131
canal,YouTube Organico,2391,259.0,0.10832287745713091,284802.33000000013,207306.63999999996,2941.4799999999955,11.35706563706562,96.82280008703121,1099.6228957528963,86.70290255123378,0.09535759096612297,59.16436637390213
dispositivo,desktop,11590,1245.0,0.10742018981880933,1366660.950000003,905231.1199999999,86752.7799999999,69.68094779116457,15.753511875930714,1097.7196385542193,78.10449698015529,0.09240724762726488,56.74201898188093
dispositivo,mobile,7116,715.0,0.10047779651489601,811220.3100000003,537733.1300000004,53156.48000000012,74.34472727272744,15.260986242881366,1134.5738601398605,75.56676925238904,0.09654300168634064,57.06534569983137
dispositivo,tablet,1294,136.0,0.10510046367851623,148870.01,98280.0800000001,9647.060000000007,70.9342647058824,15.431645496140783,1094.6324264705884,75.95060278207117,0.08732612055641421,56.903400309119014
etapa_cliente,known_lead,6846,902.0,0.1317557697925796,1008344.0800000005,679115.4700000006,51546.97000000017,57.14741685144143,19.561655709346198,1117.8980931263864,99.19887087350286,0.08632778264680105,61.870727432077125
etapa_cliente,new_visitor,10711,758.0,0.07076836896648306,829069.030000001,525363.1999999995,79886.41999999985,105.39105540897079,10.378097178469163,1093.7586147757268,49.04894034170474,0.09859023433853048,50.88609840351041
etapa_cliente,returning_customer,2443,436.0,0.1784690953745395,489338.1599999998,336765.66000000015,18122.93000000006,41.56635321100931,27.00105115453176,1122.3352293577977,137.84922636103158,0.09169054441260745,69.07163323782235
funnel_completo,false,18129,1837.0,0.10132936179601743,2043109.159999998,1347910.7499999988,135919.05999999904,73.9896897114856,15.03180760667424,1112.198780620576,74.3510811407137,0.0,56.89172044790115
funnel_completo,true,1871,259.0,0.13842864778193478,283642.1099999999,193333.5800000002,13637.25999999997,52.653513513513396,20.799054208836715,1095.1432818532817,103.33168359166231,1.0,56.63281667557456
mes,2024-01,539,46.0,0.08534322820037106,52977.640000000014,35854.12,2906.7199999999984,63.18956521739127,18.225917873066564,1151.6878260869569,66.51970315398887,0.0,60.51762523191095
mes,2024-02,529,34.0,0.06427221172022685,36015.88,22584.640000000007,2804.000000000001,82.47058823529414,12.844465049928669,1059.290588235294,42.693081285444244,0.0,59.62759924385633
mes,2024-03,576,56.0,0.09722222222222222,56171.91999999999,37132.87000000001,3050.0800000000036,54.46571428571435,18.41653989403554,1003.0699999999998,64.46678819444446,0.0,60.361111111111114
mes,2024-04,603,42.0,0.06965174129353234,39176.45999999999,25049.59000000001,3263.869999999997,77.71119047619041,12.003069975213482,932.772857142857,41.54160862354894,0.0,59.83250414593698
mes,2024-05,602,54.0,0.08970099667774087,59877.36,40170.309999999976,3586.0099999999993,66.40759259259258,16.697488294790034,1108.84,66.72808970099663,0.0,58.848837209302324
mes,2024-06,624,60.0,0.09615384615384616,63340.900000000016,42415.42000000007,3643.070000000003,60.71783333333338,17.386682111515828,1055.6816666666668,67.9734294871796,0.0,58.51602564102564
mes,2024-07,611,53.0,0.0867430441898527,57986.40999999999,38435.36999999999,3720.630000000003,70.2005660377359,15.585105210676671,1094.0832075471696,62.905679214402596,0.0,59.242225859247135
mes,2024-08,586,46.0,0.07849829351535836,48784.599999999984,32856.320000000014,3414.760000000001,74.23391304347828,14.286392015837121,1060.5347826086952,56.06880546075088,0.0,59.17918088737201
mes,2024-09,540,49.0,0.09074074074074075,52372.08,33685.81000000002,4506.310000000003,91.9655102040817,11.621943452625311,1068.8179591836736,62.38112962962967,0.0,55.827777777777776
mes,2024-10,604,58.0,0.09602649006622517,61540.30999999999,39931.88999999998,5069.300000000005,87.40172413793111,12.139804312232444,1061.0398275862067,66.11240066225162,0.0,55.9635761589404
mes,2024-11,594,53.0,0.08922558922558922,62070.16,40758.63000000001,4346.409999999999,82.00773584905659,14.280788052668758,1171.1350943396228,68.61722222222224,0.0,56.10774410774411
mes,2024-12,684,59.0,0.08625730994152046,61413.99,39040.66,5446.960000000001,92.3213559322034,11.27491114309633,1040.9150847457627,57.076988304093575,0.0,55.41374269005848
mes,2025-01,644,57.0,0.08850931677018634,59046.240000000005,38949.22000000003,4179.120000000002,73.31789473684213,14.12886923562855,1035.8989473684212,60.48015527950315,0.0,58.69565217391305
mes,2025-02,677,57.0,0.08419497784342689,61460.98999999998,40522.05000000001,4438.690000000001,77.87175438596493,13.846650700995106,1078.26298245614,59.85531757754802,0.0,58.63663220088626
mes,2025-03,785,80.0,0.10191082802547771,84707.03,56438.17999999991,5070.429999999991,63.38037499999989,16.706084099376216,1058.837875,71.89577070063683,0.0,58.564331210191085
mes,2025-04,729,68.0,0.09327846364883402,71940.97999999998,43419.47,8953.590000000006,131.67044117647066,8.03487539634939,1057.9555882352938,59.560315500685874,0.0,50.093278463648836
mes,2025-05,823,85.0,0.10328068043742406,93073.38,58724.14999999999,9711.799999999988,114.25647058823516,9.583535492905549,1094.9809411764707,71.35376670716887,0.0,51.0498177399757
mes,2025-06,742,57.0,0.07681940700808626,60265.24,34880.69999999998,9094.030000000002,159.54438596491232,6.626901384754611,1057.2849122807017,47.00902964959566,0.0,51.34501347708895
mes,2025-07,769,104.0,0.1352405721716515,118242.13999999996,80911.32000000018,4830.04,46.442692307692305,24.48057158946923,1136.9436538461534,105.21628088426552,0.0,58.56436931079324
mes,2025-08,754,105.0,0.13925729442970822,112976.03000000003,77294.60999999999,4684.519999999999,44.614476190476175,24.116884974341033,1075.9621904761907,102.51274535809017,0.27453580901856767,58.740053050397876
mes,2025-09,728,97.0,0.13324175824175824,103875.80999999998,71770.50999999986,4306.449999999997,44.39639175257729,24.120983640817855,1070.8846391752575,98.5858653846152,0.22115384615384615,59.70467032967033
mes,2025-10,896,100.0,0.11160714285714286,120936.79999999997,80755.80999999992,6624.169999999998,66.24169999999998,18.256898600126508,1209.3679999999997,90.12925223214278,0.24107142857142858,56.828125
mes,2025-11,827,99.0,0.11970979443772672,118054.93000000004,77835.03999999998,6617.899999999996,66.8474747474747,17.838729808549555,1192.4740404040408,94.11733978234581,0.22732769044740025,56.683192261185006
mes,2025-12,902,112.0,0.12416851441241686,126518.34,84619.02000000002,6842.990000000006,61.09812500000005,18.488751262240612,1129.6280357142857,93.81266075388028,0.25055432372505543,55.866962305986696
mes,2026-01,884,116.0,0.13122171945701358,140106.38,93309.83000000005,8795.379999999986,75.82224137931023,15.9295425552961,1207.8136206896552,105.55410633484168,0.23076923076923078,52.95475113122172
mes,2026-02,832,97.0,0.11658653846153846,118374.09,78859.58000000002,7957.949999999999,82.04072164948452,14.87494769381562,1220.3514432989691,94.78314903846156,0.24879807692307693,53.25120192307692
mes,2026-03,957,128.0,0.13375130616509928,145387.03999999992,99727.92000000001,5666.029999999999,44.26585937499999,25.659419381824655,1135.8362499999994,104.20890282131663,0.2330198537095089,58.54858934169279
mes,2026-04,959,124.0,0.12930135557872785,140058.14,95311.29,6025.110000000001,48.58959677419355,23.245739911802442,1129.5011290322582,99.38612095933263,0.2492179353493222,58.51720542231491
nivel_ads,high,2029,107.0,0.0527353376047314,123308.20999999999,53827.24,31029.940000000024,289.9994392523367,3.9738462272244126,1152.4131775700935,26.52895022178413,0.1074420896993593,46.33514046328241
nivel_ads,low,787,50.0,0.06353240152477764,52283.71999999998,28069.78000000001,8232.279999999995,164.64559999999992,6.351061917233137,1045.6743999999997,35.66681067344347,0.0,56.18043202033037
nivel_ads,medium,3290,220.0,0.0668693009118541,226640.8399999999,119881.50000000007,39103.24000000006,177.74200000000027,5.7959606416245695,1030.185636363636,36.43814589665656,0.09331306990881459,52.53556231003039
nivel_ads,organic_or_owned,12132,1674.0,0.13798219584569732,1877033.2599999995,1344962.01,32817.110000000124,19.604008363201984,57.19678728565655,1121.286296296296,110.86069980217606,0.0972634355423673,62.6220738542697
nivel_ads,saturated,1762,45.0,0.02553916004540295,47485.24,-5496.199999999983,38373.75,852.75,1.2374406983940844,1055.2275555555555,-3.1192962542565175,0.094211123723042,37.76901248581158
objetivo_campana,cold_acquisition,5553,328.0,0.05906717089861336,356810.0699999999,192589.1000000003,61457.64999999996,187.37088414634133,5.80578772536861,1087.8355792682923,34.6819917161895,0.0914820817576085,51.87448226184045
objetivo_campana,evergreen,4156,456.0,0.109720885466795,500233.4000000001,347262.67999999993,17135.23000000001,37.57725877192985,29.193270239150557,1097.0030701754388,83.55694898941289,0.09432146294513956,59.38498556304138
objetivo_campana,launch,2154,237.0,0.11002785515320335,286093.64,189418.40000000002,17158.760000000006,72.39983122362871,16.673328375710128,1207.1461603375528,87.93797585886723,0.08495821727019498,57.08727948003714
objetivo_campana,nurture,4328,666.0,0.15388170055452866,733468.6099999999,521449.7100000001,18951.860000000055,28.45624624624633,38.70166885994291,1101.304219219219,120.48283502772645,0.09311460258780037,62.42305914972273
objetivo_campana,retargeting,3809,409.0,0.10737726437385141,450145.5499999999,290524.44000000076,34852.820000000065,85.21471882640603,12.915613428124296,1100.600366748166,76.27315305854574,0.10107639800472565,54.96298241008139
oferta_nuevo_producto,0,19446,2041.0,0.10495731770029826,2171258.199999996,1435918.129999996,145514.72999999902,71.29580107790251,14.921226187891842,1063.8207741303263,73.84131080942075,0.08999280057595392,56.79476499022935
oferta_nuevo_producto,1,554,55.0,0.09927797833935018,155493.07,105326.20000000008,4041.589999999998,73.4834545454545,38.47324196665176,2827.1467272727273,190.1194945848377,0.2184115523465704,59.42057761732852
region,AR,1978,194.0,0.0980788675429727,208031.57999999984,136219.72999999992,14594.28000000004,75.22824742268062,14.254322926516366,1072.3277319587621,68.86740647118297,0.08897876643073811,57.50404448938322
region,CL,1652,199.0,0.12046004842615012,228327.40000000002,154382.02000000016,12135.930000000013,60.98457286432167,18.81416586944715,1147.3738693467337,93.45158595641657,0.08656174334140436,56.92070217917676
region,CO,1996,196.0,0.09819639278557114,210342.99000000005,136905.3700000003,15273.300000000003,77.92500000000001,13.771941230775274,1073.1785204081634,68.58986472945907,0.09118236472945891,56.65981963927856
region,ES,9228,985.0,0.10674035543996532,1087983.5400000017,720936.7399999986,69451.08999999991,70.50872081218264,15.665463853771094,1104.551817258885,78.1249176419591,0.09525357607282185,56.692241005635026
region,MX,3564,345.0,0.0968013468013468,391119.4000000002,258271.1100000006,26501.57000000009,76.8161449275365,14.758348278988711,1133.6794202898557,72.46664141414158,0.09708193041526375,57.01459034792368
region,US Hispanic,1582,177.0,0.11188369152970923,200946.35999999993,134529.36000000028,11600.150000000009,65.53757062146897,17.322738068042206,1135.290169491525,85.03752212389398,0.09165613147914033,56.969026548672566
segmento,B2B Services,4899,603.0,0.12308634415186773,749462.4200000004,508296.6100000016,36649.470000000125,60.778557213930554,20.449474985586363,1242.8895854063026,103.75517656664658,0.09348846703408858,60.29536640130639
segmento,Creator,4008,371.0,0.09256487025948104,295334.1799999999,183789.7300000005,29850.63000000006,80.45991913746647,9.893733566092216,796.0490026954175,45.85572105788436,0.08807385229540918,54.25723552894212
segmento,Ecommerce,4724,494.0,0.10457239627434378,506273.96,331645.3600000012,35070.86999999995,70.99366396761124,14.435739974514481,1024.846072874494,70.2043522438614,0.09779847586790855,57.28704487722269
segmento,Enterprise,1992,265.0,0.1330321285140562,528924.7500000001,373578.5599999997,14771.580000000018,55.741811320754785,35.806917743396404,1995.942452830189,187.53943775100387,0.08433734939759036,62.744477911646584
segmento,SMB,4377,363.0,0.08293351610692255,246755.95999999985,143934.06999999986,33213.77000000002,91.4979889807163,7.42932705320714,679.7684848484844,32.884183230523156,0.09824080420379255,52.293580077678776
trimestre,2024Q1,1644,136.0,0.0827250608272506,145165.44000000003,95571.62999999974,8760.799999999976,64.41764705882335,16.569884028855864,1067.392941176471,58.13359489051079,0.0,60.17639902676399
trimestre,2024Q2,1829,156.0,0.08529250956806998,162394.7199999999,107635.32000000004,10492.950000000015,67.2625000000001,15.476555210879654,1040.9917948717944,58.849272826681265,0.0,59.059595407326405
trimestre,2024Q3,1737,148.0,0.08520437535981577,159143.08999999997,104977.49999999984,11641.699999999997,78.66013513513512,13.670090278911156,1075.2911486486485,60.436096718480044,0.0,58.1594703511802
trimestre,2024Q4,1882,170.0,0.09032943676939426,185024.45999999996,119731.18,14862.66999999999,87.42747058823522,12.448938178671806,1088.379176470588,63.61911795961743,0.0,55.80924548352816
trimestre,2025Q1,2106,194.0,0.09211775878442545,205214.25999999992,135909.45000000016,13688.240000000023,70.55793814433002,14.992012121353772,1057.8054639175255,64.53440170940178,0.0,58.62773029439696
trimestre,2025Q2,2294,210.0,0.09154315605928509,225279.59999999992,137024.32000000007,27759.420000000046,132.1877142857145,8.115428924667718,1072.7599999999995,59.73161290322584,0.0,50.84132519616391
trimestre,2025Q3,2251,306.0,0.13593958240781875,335093.98,229976.4400000007,13821.010000000022,45.1666993464053,24.245259933970054,1095.078366013072,102.16634384717935,0.1634828964904487,58.99200355397601
trimestre,2025Q4,2625,311.0,0.11847619047619047,365510.0700000002,243209.8700000001,20085.059999999998,64.58218649517684,18.198106951136825,1175.2735369774925,92.65137904761909,0.24,56.452190476190474
trimestre,2026Q1,2673,341.0,0.12757201646090535,403867.5100000001,271897.3299999999,22419.35999999999,65.74592375366566,18.01423011183193,1184.36219941349,101.71991395435836,0.23718668163112608,55.04975682753461
trimestre,2026Q2,959,124.0,0.12930135557872785,140058.14,95311.29,6025.110000000001,48.58959677419355,23.245739911802442,1129.5011290322582,99.38612095933263,0.2492179353493222,58.51720542231491
webinar,asistio,601,126.0,0.2096505823627288,162202.26,115437.93999999986,3731.5999999999985,29.615873015873003,43.46721513559869,1287.3195238095238,192.07643926788663,0.15806988352745424,62.43261231281198
webinar,invitado,1757,259.0,0.14741035856573706,292899.80000000005,201205.70999999953,11332.220000000005,43.753745173745195,25.84663905218924,1130.887258687259,114.51662492885573,0.13887307911212293,61.81673306772908
webinar,no_invitado,17642,1711.0,0.09698446888107924,1871649.2099999979,1224600.6799999939,134492.49999999892,78.60461718293332,13.916383515809528,1093.8919988310918,69.41393719532898,0.08683822695839474,56.185013037070625
